Id,Category
305108.jpg,0
295075.jpg,0
31197.jpg,0
93598.jpg,0
87877.jpg,0
75095.jpg,0
34951.jpg,0
67973.jpg,0
78930.jpg,0
63164.jpg,0
4528.jpg,0
86192.jpg,0
31124.jpg,0
309435.jpg,0
57937.jpg,0
71046.jpg,0
88021.jpg,0
96898.jpg,0
48846.jpg,0
58141.jpg,0
51731.jpg,0
56542.jpg,0
89166.jpg,0
60219.jpg,0
42591.jpg,0
296988.jpg,0
45901.jpg,0
3618.jpg,0
47095.jpg,0
29931.jpg,0
304857.jpg,0
71139.jpg,0
47661.jpg,0
33546.jpg,0
9208.jpg,0
301353.jpg,0
304599.jpg,0
9221.jpg,0
38908.jpg,0
66834.jpg,0
51564.jpg,0
52325.jpg,0
76668.jpg,0
51136.jpg,0
89302.jpg,0
50862.jpg,0
59361.jpg,0
44100.jpg,0
83297.jpg,0
45455.jpg,0
94186.jpg,0
35594.jpg,0
6793.jpg,0
74422.jpg,0
55543.jpg,0
84390.jpg,0
40845.jpg,0
5056.jpg,0
33617.jpg,0
92163.jpg,0
309152.jpg,0
64057.jpg,0
80153.jpg,0
74015.jpg,0
36287.jpg,0
78787.jpg,0
61355.jpg,0
91288.jpg,0
34502.jpg,0
70948.jpg,0
58606.jpg,0
306871.jpg,0
61993.jpg,0
42835.jpg,0
305226.jpg,0
44221.jpg,0
40517.jpg,0
35156.jpg,0
58117.jpg,0
3041.jpg,0
75585.jpg,0
92584.jpg,0
38291.jpg,0
57243.jpg,0
7203.jpg,0
85106.jpg,0
89015.jpg,0
88338.jpg,0
31879.jpg,0
44700.jpg,0
67882.jpg,0
60629.jpg,0
69062.jpg,0
64175.jpg,0
61986.jpg,0
86956.jpg,0
309041.jpg,0
7815.jpg,0
37504.jpg,0
65331.jpg,0
57803.jpg,0
71695.jpg,0
50959.jpg,0
97600.jpg,0
47608.jpg,0
66009.jpg,0
43849.jpg,0
60999.jpg,0
81205.jpg,0
86349.jpg,0
46320.jpg,0
307091.jpg,0
73631.jpg,0
99906.jpg,0
67720.jpg,0
56533.jpg,0
57116.jpg,0
37679.jpg,0
304066.jpg,0
46847.jpg,0
49480.jpg,0
91083.jpg,0
303216.jpg,0
64667.jpg,0
43432.jpg,0
72342.jpg,0
37340.jpg,0
86722.jpg,0
295504.jpg,0
73933.jpg,0
92401.jpg,0
65868.jpg,0
301334.jpg,0
307031.jpg,0
305684.jpg,0
81563.jpg,0
301283.jpg,0
33139.jpg,0
91072.jpg,0
44808.jpg,0
295305.jpg,0
89810.jpg,0
88817.jpg,0
45947.jpg,0
61306.jpg,0
33683.jpg,0
79442.jpg,0
54877.jpg,0
70719.jpg,0
3453.jpg,0
62950.jpg,0
76849.jpg,0
304563.jpg,0
90510.jpg,0
303639.jpg,0
92738.jpg,0
307758.jpg,0
56246.jpg,0
9124.jpg,0
302332.jpg,0
7430.jpg,0
95012.jpg,0
810.jpg,0
99113.jpg,0
294750.jpg,0
73662.jpg,0
57600.jpg,0
56014.jpg,0
81898.jpg,0
46044.jpg,0
96298.jpg,0
44277.jpg,0
8365.jpg,0
87655.jpg,0
86143.jpg,0
302222.jpg,0
87841.jpg,0
54383.jpg,0
75272.jpg,0
32769.jpg,0
52306.jpg,0
83458.jpg,0
304287.jpg,0
297840.jpg,0
41926.jpg,0
8850.jpg,0
34040.jpg,0
96119.jpg,0
61258.jpg,0
298944.jpg,0
54917.jpg,0
306733.jpg,0
85259.jpg,0
32574.jpg,0
8484.jpg,0
56452.jpg,0
75853.jpg,0
8239.jpg,0
86908.jpg,0
55144.jpg,0
88339.jpg,0
51989.jpg,0
32824.jpg,0
303685.jpg,0
308950.jpg,0
98002.jpg,0
52211.jpg,0
89528.jpg,0
88045.jpg,0
73291.jpg,0
300961.jpg,0
71052.jpg,0
60382.jpg,0
91663.jpg,0
98376.jpg,0
35761.jpg,0
303224.jpg,0
304961.jpg,0
51425.jpg,0
8728.jpg,0
44005.jpg,0
70490.jpg,0
64995.jpg,0
44992.jpg,0
91793.jpg,0
60240.jpg,0
92878.jpg,0
306253.jpg,0
77328.jpg,0
302616.jpg,0
73452.jpg,0
40972.jpg,0
60361.jpg,0
299727.jpg,0
296535.jpg,0
50931.jpg,0
47148.jpg,0
65493.jpg,0
296125.jpg,0
307613.jpg,0
85648.jpg,0
58051.jpg,0
39997.jpg,0
74978.jpg,0
48437.jpg,0
297037.jpg,0
53514.jpg,0
52237.jpg,0
53168.jpg,0
31331.jpg,0
73905.jpg,0
76459.jpg,0
94592.jpg,0
304100.jpg,0
42582.jpg,0
56110.jpg,0
33408.jpg,0
45702.jpg,0
99761.jpg,0
87779.jpg,0
46691.jpg,0
65835.jpg,0
67724.jpg,0
81259.jpg,0
78111.jpg,0
33903.jpg,0
59927.jpg,0
5354.jpg,0
60321.jpg,0
95679.jpg,0
74508.jpg,0
88508.jpg,0
45700.jpg,0
79901.jpg,0
38010.jpg,0
73354.jpg,0
58446.jpg,0
58454.jpg,0
48193.jpg,0
82113.jpg,0
41502.jpg,0
298368.jpg,0
93432.jpg,0
38726.jpg,0
76268.jpg,0
90036.jpg,0
297730.jpg,0
43794.jpg,0
67816.jpg,0
68538.jpg,0
68617.jpg,0
303055.jpg,0
85647.jpg,0
80906.jpg,0
58062.jpg,0
66114.jpg,0
50901.jpg,0
41506.jpg,0
63822.jpg,0
40986.jpg,0
33022.jpg,0
52150.jpg,0
54629.jpg,0
300416.jpg,0
76457.jpg,0
43476.jpg,0
47857.jpg,0
296598.jpg,0
32025.jpg,0
6662.jpg,0
43631.jpg,0
42656.jpg,0
74799.jpg,0
38353.jpg,0
30044.jpg,0
46594.jpg,0
82703.jpg,0
30908.jpg,0
42894.jpg,0
83203.jpg,0
303990.jpg,0
8049.jpg,0
81189.jpg,0
90977.jpg,0
57075.jpg,0
49199.jpg,0
32353.jpg,0
302945.jpg,0
81467.jpg,0
302510.jpg,0
88904.jpg,0
300337.jpg,0
67432.jpg,0
33006.jpg,0
41695.jpg,0
45971.jpg,0
86922.jpg,0
65752.jpg,0
77454.jpg,0
77017.jpg,0
59467.jpg,0
309595.jpg,0
78535.jpg,0
86759.jpg,0
67322.jpg,0
70906.jpg,0
70202.jpg,0
49710.jpg,0
86801.jpg,0
296925.jpg,0
85230.jpg,0
304145.jpg,0
4368.jpg,0
89390.jpg,0
33165.jpg,0
84526.jpg,0
62427.jpg,0
38579.jpg,0
94469.jpg,0
295318.jpg,0
303164.jpg,0
3014.jpg,0
74542.jpg,0
87310.jpg,0
66426.jpg,0
65330.jpg,0
71017.jpg,0
92373.jpg,0
75747.jpg,0
72182.jpg,0
305887.jpg,0
80391.jpg,0
88071.jpg,0
54076.jpg,0
72786.jpg,0
90958.jpg,0
86266.jpg,0
94847.jpg,0
7217.jpg,0
72002.jpg,0
73717.jpg,0
30066.jpg,0
76416.jpg,0
76409.jpg,0
39493.jpg,0
82667.jpg,0
48357.jpg,0
70280.jpg,0
35068.jpg,0
60412.jpg,0
73039.jpg,0
9845.jpg,0
72489.jpg,0
50894.jpg,0
54046.jpg,0
87042.jpg,0
99091.jpg,0
63446.jpg,0
91320.jpg,0
51783.jpg,0
72453.jpg,0
94151.jpg,0
52549.jpg,0
76940.jpg,0
80138.jpg,0
306093.jpg,0
77952.jpg,0
9640.jpg,0
74540.jpg,0
37834.jpg,0
95316.jpg,0
29971.jpg,0
297266.jpg,0
72866.jpg,0
71850.jpg,0
62327.jpg,0
9495.jpg,0
96322.jpg,0
69304.jpg,0
68596.jpg,0
42338.jpg,0
57665.jpg,0
55968.jpg,0
306824.jpg,0
46306.jpg,0
68262.jpg,0
75332.jpg,0
4590.jpg,0
39646.jpg,0
305000.jpg,0
34601.jpg,0
68607.jpg,0
77956.jpg,0
301337.jpg,0
39588.jpg,0
34984.jpg,0
81039.jpg,0
51934.jpg,0
67859.jpg,0
50388.jpg,0
85154.jpg,0
73033.jpg,0
303657.jpg,0
49009.jpg,0
60116.jpg,0
76420.jpg,0
84356.jpg,0
99850.jpg,0
309107.jpg,0
51948.jpg,0
5553.jpg,0
77312.jpg,0
307619.jpg,0
39938.jpg,0
303182.jpg,0
85633.jpg,0
57713.jpg,0
39787.jpg,0
33545.jpg,0
41656.jpg,0
87545.jpg,0
88403.jpg,0
66741.jpg,0
299839.jpg,0
96924.jpg,0
33367.jpg,0
5288.jpg,0
86497.jpg,0
67065.jpg,0
62813.jpg,0
53262.jpg,0
46140.jpg,0
69986.jpg,0
74042.jpg,0
73047.jpg,0
86031.jpg,0
82698.jpg,0
65807.jpg,0
78589.jpg,0
66969.jpg,0
82964.jpg,0
31606.jpg,0
59530.jpg,0
76679.jpg,0
62203.jpg,0
50826.jpg,0
4533.jpg,0
57324.jpg,0
47687.jpg,0
84813.jpg,0
45079.jpg,0
44136.jpg,0
62547.jpg,0
33593.jpg,0
49554.jpg,0
65316.jpg,0
64980.jpg,0
3553.jpg,0
48831.jpg,0
31566.jpg,0
33349.jpg,0
299935.jpg,0
85212.jpg,0
53141.jpg,0
69427.jpg,0
9720.jpg,0
7032.jpg,0
39551.jpg,0
95153.jpg,0
74802.jpg,0
32834.jpg,0
297742.jpg,0
89834.jpg,0
91477.jpg,0
85930.jpg,0
59720.jpg,0
9984.jpg,0
88197.jpg,0
63619.jpg,0
33401.jpg,0
3723.jpg,0
75139.jpg,0
81873.jpg,0
89645.jpg,0
98872.jpg,0
574.jpg,0
62710.jpg,0
39738.jpg,0
91092.jpg,0
81051.jpg,0
297121.jpg,0
63749.jpg,0
87743.jpg,0
98131.jpg,0
9785.jpg,0
85561.jpg,0
309521.jpg,0
93119.jpg,0
308787.jpg,0
85417.jpg,0
82813.jpg,0
80029.jpg,0
35728.jpg,0
4471.jpg,0
51807.jpg,0
305940.jpg,0
54887.jpg,0
80531.jpg,0
84482.jpg,0
31110.jpg,0
35923.jpg,0
35442.jpg,0
49456.jpg,0
300529.jpg,0
301293.jpg,0
58476.jpg,0
98766.jpg,0
303350.jpg,0
91937.jpg,0
93590.jpg,0
67429.jpg,0
92393.jpg,0
84898.jpg,0
298012.jpg,0
87347.jpg,0
571.jpg,0
308935.jpg,0
67061.jpg,0
63556.jpg,0
94724.jpg,0
306809.jpg,0
64271.jpg,0
47128.jpg,0
66711.jpg,0
74075.jpg,0
57222.jpg,0
3719.jpg,0
67521.jpg,0
56039.jpg,0
62549.jpg,0
60418.jpg,0
64195.jpg,0
304646.jpg,0
5212.jpg,0
297494.jpg,0
299591.jpg,0
77903.jpg,0
60199.jpg,0
54827.jpg,0
59575.jpg,0
95380.jpg,0
80465.jpg,0
56678.jpg,0
54853.jpg,0
70597.jpg,0
89272.jpg,0
50653.jpg,0
308557.jpg,0
42305.jpg,0
47060.jpg,0
39479.jpg,0
37303.jpg,0
99951.jpg,0
32343.jpg,0
94100.jpg,0
81598.jpg,0
37822.jpg,0
59181.jpg,0
45710.jpg,0
88444.jpg,0
44649.jpg,0
89849.jpg,0
83974.jpg,0
97739.jpg,0
92941.jpg,0
96770.jpg,0
29793.jpg,0
63284.jpg,0
88702.jpg,0
40448.jpg,0
92443.jpg,0
77883.jpg,0
307749.jpg,0
30175.jpg,0
303673.jpg,0
85040.jpg,0
5536.jpg,0
96963.jpg,0
39556.jpg,0
308315.jpg,0
91813.jpg,0
62085.jpg,0
31138.jpg,0
45783.jpg,0
56646.jpg,0
4126.jpg,0
29374.jpg,0
93961.jpg,0
44753.jpg,0
301112.jpg,0
45048.jpg,0
88142.jpg,0
40160.jpg,0
308886.jpg,0
9749.jpg,0
37484.jpg,0
82333.jpg,0
55588.jpg,0
32800.jpg,0
298847.jpg,0
30144.jpg,0
296924.jpg,0
38072.jpg,0
44072.jpg,0
54783.jpg,0
71448.jpg,0
66577.jpg,0
57667.jpg,0
80408.jpg,0
89923.jpg,0
41309.jpg,0
3884.jpg,0
57656.jpg,0
32390.jpg,0
58547.jpg,0
73380.jpg,0
35018.jpg,0
61135.jpg,0
37118.jpg,0
7341.jpg,0
98342.jpg,0
30022.jpg,0
6961.jpg,0
58314.jpg,0
32111.jpg,0
8382.jpg,0
34495.jpg,0
76149.jpg,0
94152.jpg,0
82666.jpg,0
94260.jpg,0
8838.jpg,0
42124.jpg,0
80810.jpg,0
31565.jpg,0
36242.jpg,0
64837.jpg,0
32751.jpg,0
87928.jpg,0
39467.jpg,0
44589.jpg,0
74529.jpg,0
94979.jpg,0
84855.jpg,0
55826.jpg,0
73210.jpg,0
36408.jpg,0
302078.jpg,0
54811.jpg,0
71444.jpg,0
3853.jpg,0
78512.jpg,0
6352.jpg,0
88687.jpg,0
55823.jpg,0
63271.jpg,0
98507.jpg,0
48251.jpg,0
294932.jpg,0
71349.jpg,0
298107.jpg,0
55052.jpg,0
4304.jpg,0
62577.jpg,0
37040.jpg,0
8142.jpg,0
86608.jpg,0
303232.jpg,0
57845.jpg,0
296379.jpg,0
306860.jpg,0
95655.jpg,0
89309.jpg,0
72333.jpg,0
80294.jpg,0
34560.jpg,0
297420.jpg,0
6215.jpg,0
308254.jpg,0
303913.jpg,0
44186.jpg,0
92776.jpg,0
8615.jpg,0
64677.jpg,0
37174.jpg,0
84418.jpg,0
9820.jpg,0
4928.jpg,0
59640.jpg,0
57810.jpg,0
296913.jpg,0
48657.jpg,0
52157.jpg,0
67280.jpg,0
56969.jpg,0
86867.jpg,0
65726.jpg,0
65141.jpg,0
42242.jpg,0
80319.jpg,0
63506.jpg,0
96065.jpg,0
94951.jpg,0
62812.jpg,0
55565.jpg,0
49743.jpg,0
95625.jpg,0
31265.jpg,0
306219.jpg,0
46397.jpg,0
65586.jpg,0
36912.jpg,0
7825.jpg,0
308309.jpg,0
69364.jpg,0
5530.jpg,0
308653.jpg,0
77619.jpg,0
42631.jpg,0
4715.jpg,0
89410.jpg,0
84410.jpg,0
67231.jpg,0
98393.jpg,0
42964.jpg,0
60110.jpg,0
34077.jpg,0
36111.jpg,0
94624.jpg,0
299608.jpg,0
303567.jpg,0
84409.jpg,0
55297.jpg,0
73948.jpg,0
49252.jpg,0
54784.jpg,0
82305.jpg,0
41721.jpg,0
307864.jpg,0
76286.jpg,0
63039.jpg,0
31058.jpg,0
64617.jpg,0
87842.jpg,0
306222.jpg,0
296150.jpg,0
98265.jpg,0
302930.jpg,0
43237.jpg,0
75865.jpg,0
85491.jpg,0
9687.jpg,0
76168.jpg,0
296730.jpg,0
58628.jpg,0
35933.jpg,0
5798.jpg,0
31823.jpg,0
84169.jpg,0
66562.jpg,0
55120.jpg,0
44965.jpg,0
61977.jpg,0
302807.jpg,0
88705.jpg,0
99984.jpg,0
37850.jpg,0
37276.jpg,0
770.jpg,0
60368.jpg,0
33369.jpg,0
48246.jpg,0
61521.jpg,0
31150.jpg,0
306867.jpg,0
304828.jpg,0
62385.jpg,0
307640.jpg,0
76697.jpg,0
36456.jpg,0
38462.jpg,0
98418.jpg,0
4109.jpg,0
93715.jpg,0
69649.jpg,0
78099.jpg,0
44440.jpg,0
45849.jpg,0
48817.jpg,0
63952.jpg,0
79738.jpg,0
51183.jpg,0
67847.jpg,0
67151.jpg,0
39930.jpg,0
94224.jpg,0
67484.jpg,0
97871.jpg,0
86466.jpg,0
303248.jpg,0
50683.jpg,0
300135.jpg,0
31729.jpg,0
31507.jpg,0
68213.jpg,0
71968.jpg,0
99265.jpg,0
296224.jpg,0
63902.jpg,0
297101.jpg,0
67572.jpg,0
82207.jpg,0
57132.jpg,0
32617.jpg,0
306038.jpg,0
77340.jpg,0
79838.jpg,0
52657.jpg,0
54410.jpg,0
46169.jpg,0
51481.jpg,0
62162.jpg,0
79144.jpg,0
38463.jpg,0
301997.jpg,0
305417.jpg,0
83901.jpg,0
59137.jpg,0
59925.jpg,0
69655.jpg,0
49322.jpg,0
37939.jpg,0
32397.jpg,0
81279.jpg,0
45615.jpg,0
84053.jpg,0
72243.jpg,0
45476.jpg,0
46133.jpg,0
77024.jpg,0
91430.jpg,0
306016.jpg,0
60716.jpg,0
56483.jpg,0
88994.jpg,0
299212.jpg,0
3870.jpg,0
68449.jpg,0
43489.jpg,0
71628.jpg,0
53725.jpg,0
46820.jpg,0
99696.jpg,0
64151.jpg,0
42367.jpg,0
298971.jpg,0
70556.jpg,0
86282.jpg,0
51763.jpg,0
35240.jpg,0
300050.jpg,0
36933.jpg,0
75299.jpg,0
51472.jpg,0
71382.jpg,0
43385.jpg,0
50232.jpg,0
58681.jpg,0
69092.jpg,0
40256.jpg,0
32307.jpg,0
40577.jpg,0
53322.jpg,0
56663.jpg,0
306893.jpg,0
298265.jpg,0
43507.jpg,0
307761.jpg,0
52833.jpg,0
94404.jpg,0
44397.jpg,0
76052.jpg,0
5173.jpg,0
85997.jpg,0
43638.jpg,0
79170.jpg,0
46173.jpg,0
36109.jpg,0
6623.jpg,0
92865.jpg,0
77678.jpg,0
4604.jpg,0
308367.jpg,0
81566.jpg,0
8861.jpg,0
78192.jpg,0
73802.jpg,0
3949.jpg,0
5585.jpg,0
89162.jpg,0
72940.jpg,0
304078.jpg,0
75868.jpg,0
36362.jpg,0
65182.jpg,0
303363.jpg,0
63107.jpg,0
46040.jpg,0
67518.jpg,0
68386.jpg,0
74894.jpg,0
53060.jpg,0
94187.jpg,0
33053.jpg,0
36568.jpg,0
301331.jpg,0
51890.jpg,0
9880.jpg,0
69716.jpg,0
842.jpg,0
54140.jpg,0
78151.jpg,0
55797.jpg,0
46735.jpg,0
51498.jpg,0
95931.jpg,0
44016.jpg,0
84891.jpg,0
46912.jpg,0
35581.jpg,0
34172.jpg,0
302871.jpg,0
73539.jpg,0
35912.jpg,0
71498.jpg,0
82029.jpg,0
63921.jpg,0
9757.jpg,0
63209.jpg,0
65398.jpg,0
62572.jpg,0
78713.jpg,0
80263.jpg,0
42209.jpg,0
54772.jpg,0
86385.jpg,0
65969.jpg,0
3302.jpg,0
35287.jpg,0
64659.jpg,0
58211.jpg,0
82367.jpg,0
302516.jpg,0
60697.jpg,0
46464.jpg,0
63565.jpg,0
84976.jpg,0
306468.jpg,0
96757.jpg,0
7273.jpg,0
36116.jpg,0
98694.jpg,0
56874.jpg,0
308270.jpg,0
44777.jpg,0
306262.jpg,0
300381.jpg,0
85155.jpg,0
298543.jpg,0
45696.jpg,0
60835.jpg,0
309097.jpg,0
73163.jpg,0
54535.jpg,0
298803.jpg,0
305349.jpg,0
9033.jpg,0
72665.jpg,0
68719.jpg,0
43268.jpg,0
298162.jpg,0
64286.jpg,0
99739.jpg,0
309385.jpg,0
42823.jpg,0
69908.jpg,0
83015.jpg,0
39679.jpg,0
92412.jpg,0
70845.jpg,0
303324.jpg,0
68662.jpg,0
52383.jpg,0
36609.jpg,0
68136.jpg,0
88156.jpg,0
55759.jpg,0
303572.jpg,0
67999.jpg,0
43641.jpg,0
295719.jpg,0
300675.jpg,0
70788.jpg,0
41615.jpg,0
58942.jpg,0
6933.jpg,0
309235.jpg,0
5711.jpg,0
3172.jpg,0
89954.jpg,0
86187.jpg,0
59291.jpg,0
87599.jpg,0
31564.jpg,0
98752.jpg,0
50829.jpg,0
300000.jpg,0
52073.jpg,0
299590.jpg,0
45770.jpg,0
9582.jpg,0
51242.jpg,0
6994.jpg,0
63142.jpg,0
81665.jpg,0
306277.jpg,0
60375.jpg,0
98475.jpg,0
5368.jpg,0
76948.jpg,0
297700.jpg,0
93692.jpg,0
45856.jpg,0
47029.jpg,0
30436.jpg,0
37260.jpg,0
48214.jpg,0
46541.jpg,0
72927.jpg,0
49210.jpg,0
43344.jpg,0
300167.jpg,0
45296.jpg,0
75047.jpg,0
77057.jpg,0
50131.jpg,0
60280.jpg,0
305939.jpg,0
60545.jpg,0
95480.jpg,0
75863.jpg,0
5520.jpg,0
60658.jpg,0
299323.jpg,0
56015.jpg,0
51543.jpg,0
81892.jpg,0
65802.jpg,0
5952.jpg,0
93145.jpg,0
306628.jpg,0
97100.jpg,0
87973.jpg,0
30797.jpg,0
89577.jpg,0
3808.jpg,0
3157.jpg,0
309004.jpg,0
32885.jpg,0
79903.jpg,0
308043.jpg,0
98121.jpg,0
71012.jpg,0
68565.jpg,0
298123.jpg,0
62746.jpg,0
57773.jpg,0
47181.jpg,0
30549.jpg,0
44506.jpg,0
301635.jpg,0
70567.jpg,0
40792.jpg,0
295376.jpg,0
96434.jpg,0
298216.jpg,0
68217.jpg,0
53288.jpg,0
36157.jpg,0
54419.jpg,0
33201.jpg,0
33036.jpg,0
72688.jpg,0
83862.jpg,0
306869.jpg,0
304141.jpg,0
83227.jpg,0
34722.jpg,0
33244.jpg,0
93325.jpg,0
81678.jpg,0
302145.jpg,0
75427.jpg,0
48478.jpg,0
78235.jpg,0
76500.jpg,0
38794.jpg,0
297712.jpg,0
300943.jpg,0
99280.jpg,0
296138.jpg,0
304030.jpg,0
61034.jpg,0
80285.jpg,0
41785.jpg,0
61171.jpg,0
42774.jpg,0
50419.jpg,0
7867.jpg,0
5080.jpg,0
87097.jpg,0
44352.jpg,0
97067.jpg,0
88993.jpg,0
62937.jpg,0
30334.jpg,0
72114.jpg,0
48813.jpg,0
47724.jpg,0
55523.jpg,0
304725.jpg,0
52070.jpg,0
76307.jpg,0
47711.jpg,0
35321.jpg,0
31758.jpg,0
62510.jpg,0
296788.jpg,0
88005.jpg,0
40789.jpg,0
47859.jpg,0
73966.jpg,0
86582.jpg,0
879.jpg,0
65014.jpg,0
54867.jpg,0
85800.jpg,0
3983.jpg,0
32528.jpg,0
62282.jpg,0
54706.jpg,0
35677.jpg,0
52642.jpg,0
37873.jpg,0
86037.jpg,0
41991.jpg,0
72001.jpg,0
78438.jpg,0
52963.jpg,0
53788.jpg,0
62467.jpg,0
71256.jpg,0
41019.jpg,0
297129.jpg,0
63309.jpg,0
95706.jpg,0
51850.jpg,0
69030.jpg,0
59579.jpg,0
296255.jpg,0
86406.jpg,0
30414.jpg,0
65268.jpg,0
3277.jpg,0
36491.jpg,0
31999.jpg,0
97574.jpg,0
43232.jpg,0
76403.jpg,0
66082.jpg,0
35235.jpg,0
6319.jpg,0
297980.jpg,0
6305.jpg,0
64876.jpg,0
93337.jpg,0
33746.jpg,0
56826.jpg,0
39609.jpg,0
81940.jpg,0
68247.jpg,0
295329.jpg,0
70128.jpg,0
90329.jpg,0
91351.jpg,0
303976.jpg,0
307611.jpg,0
75144.jpg,0
63778.jpg,0
47594.jpg,0
297157.jpg,0
56048.jpg,0
33612.jpg,0
59475.jpg,0
71116.jpg,0
8744.jpg,0
38281.jpg,0
70703.jpg,0
87325.jpg,0
81776.jpg,0
84378.jpg,0
45922.jpg,0
307759.jpg,0
57488.jpg,0
33486.jpg,0
63270.jpg,0
99207.jpg,0
297198.jpg,0
61750.jpg,0
45713.jpg,0
49297.jpg,0
96600.jpg,0
86434.jpg,0
59817.jpg,0
53299.jpg,0
89625.jpg,0
83624.jpg,0
77036.jpg,0
46491.jpg,0
299262.jpg,0
309465.jpg,0
306021.jpg,0
89784.jpg,0
301566.jpg,0
9795.jpg,0
50290.jpg,0
41895.jpg,0
98640.jpg,0
41209.jpg,0
58911.jpg,0
4373.jpg,0
82770.jpg,0
300828.jpg,0
59083.jpg,0
50767.jpg,0
99972.jpg,0
95447.jpg,0
52054.jpg,0
54209.jpg,0
58900.jpg,0
54868.jpg,0
305243.jpg,0
305743.jpg,0
63298.jpg,0
96828.jpg,0
90625.jpg,0
61599.jpg,0
34627.jpg,0
54776.jpg,0
76928.jpg,0
97939.jpg,0
83980.jpg,0
85490.jpg,0
301740.jpg,0
97170.jpg,0
59257.jpg,0
51348.jpg,0
88054.jpg,0
48013.jpg,0
37321.jpg,0
302194.jpg,0
38777.jpg,0
35013.jpg,0
36981.jpg,0
36441.jpg,0
91915.jpg,0
38034.jpg,0
4963.jpg,0
65485.jpg,0
41178.jpg,0
71752.jpg,0
75298.jpg,0
69779.jpg,0
51127.jpg,0
39137.jpg,0
304740.jpg,0
34001.jpg,0
31976.jpg,0
31856.jpg,0
73372.jpg,0
301437.jpg,0
9538.jpg,0
307270.jpg,0
89436.jpg,0
33921.jpg,0
71564.jpg,0
88808.jpg,0
49961.jpg,0
294212.jpg,0
55369.jpg,0
309562.jpg,0
305512.jpg,0
68374.jpg,0
74752.jpg,0
88415.jpg,0
294173.jpg,0
309370.jpg,0
65439.jpg,0
8091.jpg,0
41113.jpg,0
96284.jpg,0
300853.jpg,0
63713.jpg,0
37212.jpg,0
57760.jpg,0
53648.jpg,0
44638.jpg,0
64735.jpg,0
89403.jpg,0
79911.jpg,0
76292.jpg,0
91433.jpg,0
69990.jpg,0
75501.jpg,0
57183.jpg,0
40180.jpg,0
58373.jpg,0
95325.jpg,0
90136.jpg,0
31030.jpg,0
30733.jpg,0
293692.jpg,0
57411.jpg,0
40982.jpg,0
59826.jpg,0
53693.jpg,0
299129.jpg,0
64146.jpg,0
34657.jpg,0
59384.jpg,0
41364.jpg,0
81147.jpg,0
77194.jpg,0
99872.jpg,0
293581.jpg,0
8249.jpg,0
297767.jpg,0
38521.jpg,0
89777.jpg,0
48199.jpg,0
302613.jpg,0
60767.jpg,0
297761.jpg,0
32755.jpg,0
298952.jpg,0
305480.jpg,0
52708.jpg,0
57166.jpg,0
71965.jpg,0
36041.jpg,0
305476.jpg,0
94784.jpg,0
299576.jpg,0
36733.jpg,0
29766.jpg,0
69026.jpg,0
4052.jpg,0
697.jpg,0
77442.jpg,0
7252.jpg,0
73983.jpg,0
54184.jpg,0
52146.jpg,0
81473.jpg,0
37416.jpg,0
82373.jpg,0
99918.jpg,0
88302.jpg,0
73484.jpg,0
94037.jpg,0
72213.jpg,0
46419.jpg,0
81067.jpg,0
58830.jpg,0
41575.jpg,0
69692.jpg,0
45990.jpg,0
69200.jpg,0
96708.jpg,0
57748.jpg,0
67984.jpg,0
76349.jpg,0
35718.jpg,0
43554.jpg,0
58403.jpg,0
49077.jpg,0
47868.jpg,0
34925.jpg,0
79596.jpg,0
370.jpg,0
99045.jpg,0
76452.jpg,0
32109.jpg,0
72693.jpg,0
302550.jpg,0
33872.jpg,0
8901.jpg,0
43408.jpg,0
43674.jpg,0
50951.jpg,0
68572.jpg,0
98008.jpg,0
45179.jpg,0
55380.jpg,0
37563.jpg,0
54390.jpg,0
90779.jpg,0
529.jpg,0
38240.jpg,0
69451.jpg,0
36178.jpg,0
66246.jpg,0
29756.jpg,0
64035.jpg,0
71038.jpg,0
53946.jpg,0
40561.jpg,0
72531.jpg,0
72553.jpg,0
83672.jpg,0
299722.jpg,0
35486.jpg,0
65139.jpg,0
295093.jpg,0
72977.jpg,0
97291.jpg,0
299961.jpg,0
91329.jpg,0
87646.jpg,0
44915.jpg,0
73425.jpg,0
72458.jpg,0
295815.jpg,0
299465.jpg,0
68278.jpg,0
80610.jpg,0
84433.jpg,0
83277.jpg,0
46868.jpg,0
73707.jpg,0
64081.jpg,0
87975.jpg,0
5492.jpg,0
34812.jpg,0
99272.jpg,0
303681.jpg,0
89524.jpg,0
300691.jpg,0
63500.jpg,0
90182.jpg,0
304757.jpg,0
85772.jpg,0
85107.jpg,0
81852.jpg,0
54979.jpg,0
5254.jpg,0
98538.jpg,0
8942.jpg,0
75129.jpg,0
85771.jpg,0
304594.jpg,0
33140.jpg,0
33131.jpg,0
298755.jpg,0
80054.jpg,0
99293.jpg,0
77589.jpg,0
50366.jpg,0
33867.jpg,0
49286.jpg,0
296809.jpg,0
4657.jpg,0
54762.jpg,0
31053.jpg,0
99097.jpg,0
43460.jpg,0
302120.jpg,0
301780.jpg,0
64482.jpg,0
7670.jpg,0
35332.jpg,0
56437.jpg,0
95544.jpg,0
63468.jpg,0
50987.jpg,0
308486.jpg,0
309453.jpg,0
42737.jpg,0
31947.jpg,0
93179.jpg,0
50601.jpg,0
66823.jpg,0
308980.jpg,0
86782.jpg,0
37154.jpg,0
70993.jpg,0
36628.jpg,0
85337.jpg,0
89541.jpg,0
4767.jpg,0
300480.jpg,0
75357.jpg,0
61403.jpg,0
97669.jpg,0
30518.jpg,0
8160.jpg,0
89306.jpg,0
44531.jpg,0
41719.jpg,0
93811.jpg,0
57564.jpg,0
89623.jpg,0
32415.jpg,0
46704.jpg,0
39777.jpg,0
296995.jpg,0
40036.jpg,0
71884.jpg,0
51515.jpg,0
33881.jpg,0
98945.jpg,0
68470.jpg,0
36849.jpg,0
44733.jpg,0
43629.jpg,0
94636.jpg,0
58660.jpg,0
4481.jpg,0
49513.jpg,0
55355.jpg,0
37477.jpg,0
67924.jpg,0
64027.jpg,0
9219.jpg,0
302627.jpg,0
58731.jpg,0
4662.jpg,0
36136.jpg,0
303515.jpg,0
309511.jpg,0
94234.jpg,0
3076.jpg,0
78218.jpg,0
53507.jpg,0
4176.jpg,0
305723.jpg,0
57067.jpg,0
73633.jpg,0
93716.jpg,0
90141.jpg,0
73161.jpg,0
70644.jpg,0
46658.jpg,0
303475.jpg,0
6900.jpg,0
303929.jpg,0
95807.jpg,0
53479.jpg,0
95792.jpg,0
65071.jpg,0
53537.jpg,0
34082.jpg,0
40724.jpg,0
97110.jpg,0
50365.jpg,0
50929.jpg,0
49042.jpg,0
6321.jpg,0
46582.jpg,0
96223.jpg,0
31067.jpg,0
31892.jpg,0
92918.jpg,0
34636.jpg,0
74835.jpg,0
77747.jpg,0
99569.jpg,0
70376.jpg,0
308975.jpg,0
70685.jpg,0
300770.jpg,0
302412.jpg,0
87930.jpg,0
68635.jpg,0
293307.jpg,0
63451.jpg,0
64239.jpg,0
62932.jpg,0
42692.jpg,0
38165.jpg,0
45177.jpg,0
80249.jpg,0
58481.jpg,0
66752.jpg,0
71899.jpg,0
55845.jpg,0
47377.jpg,0
306020.jpg,0
87098.jpg,0
59989.jpg,0
72340.jpg,0
69403.jpg,0
92055.jpg,0
61659.jpg,0
296742.jpg,0
99911.jpg,0
53112.jpg,0
72431.jpg,0
40603.jpg,0
54500.jpg,0
33001.jpg,0
79266.jpg,0
74316.jpg,0
297898.jpg,0
63013.jpg,0
295337.jpg,0
99180.jpg,0
58341.jpg,0
51586.jpg,0
67452.jpg,0
7504.jpg,0
304587.jpg,0
53618.jpg,0
299085.jpg,0
32694.jpg,0
82642.jpg,0
308717.jpg,0
69962.jpg,0
67517.jpg,0
65964.jpg,0
304840.jpg,0
88221.jpg,0
7556.jpg,0
88941.jpg,0
93240.jpg,0
51851.jpg,0
6450.jpg,0
43450.jpg,0
54571.jpg,0
53239.jpg,0
304534.jpg,0
70104.jpg,0
298017.jpg,0
57874.jpg,0
68909.jpg,0
298575.jpg,0
70290.jpg,0
307476.jpg,0
306405.jpg,0
87298.jpg,0
70255.jpg,0
31022.jpg,0
35939.jpg,0
301550.jpg,0
80146.jpg,0
305948.jpg,0
84684.jpg,0
9829.jpg,0
87659.jpg,0
75617.jpg,0
91832.jpg,0
307995.jpg,0
48641.jpg,0
82154.jpg,0
67116.jpg,0
52741.jpg,0
55555.jpg,0
64278.jpg,0
83861.jpg,0
84296.jpg,0
8916.jpg,0
96680.jpg,0
29823.jpg,0
49886.jpg,0
50242.jpg,0
44628.jpg,0
78198.jpg,0
48785.jpg,0
44701.jpg,0
92827.jpg,0
42309.jpg,0
77621.jpg,0
65187.jpg,0
40137.jpg,0
8488.jpg,0
6190.jpg,0
42211.jpg,0
81806.jpg,0
30283.jpg,0
74940.jpg,0
73771.jpg,0
94028.jpg,0
39004.jpg,0
81805.jpg,0
50343.jpg,0
75547.jpg,0
50060.jpg,0
98886.jpg,0
93416.jpg,0
34713.jpg,0
50180.jpg,0
81683.jpg,0
59058.jpg,0
67185.jpg,0
29690.jpg,0
302783.jpg,0
308001.jpg,0
67419.jpg,0
49090.jpg,0
92000.jpg,0
31163.jpg,0
7568.jpg,0
30151.jpg,0
85376.jpg,0
297495.jpg,0
98730.jpg,0
309462.jpg,0
299858.jpg,0
9095.jpg,0
41561.jpg,0
50254.jpg,0
99320.jpg,0
79929.jpg,0
64481.jpg,0
58181.jpg,0
50806.jpg,0
300079.jpg,0
49131.jpg,0
42085.jpg,0
62371.jpg,0
96666.jpg,0
54700.jpg,0
307621.jpg,0
75856.jpg,0
89568.jpg,0
73586.jpg,0
80858.jpg,0
47923.jpg,0
72606.jpg,0
60464.jpg,0
309343.jpg,0
93369.jpg,0
6584.jpg,0
61263.jpg,0
47245.jpg,0
44082.jpg,0
91344.jpg,0
35856.jpg,0
76930.jpg,0
75560.jpg,0
93224.jpg,0
91156.jpg,0
78579.jpg,0
96333.jpg,0
68569.jpg,0
5982.jpg,0
29655.jpg,0
81595.jpg,0
44018.jpg,0
306103.jpg,0
34948.jpg,0
59962.jpg,0
7058.jpg,0
61647.jpg,0
81363.jpg,0
49318.jpg,0
43529.jpg,0
293359.jpg,0
84026.jpg,0
79945.jpg,0
44796.jpg,0
89032.jpg,0
90177.jpg,0
29585.jpg,0
93445.jpg,0
296793.jpg,0
75433.jpg,0
3568.jpg,0
58104.jpg,0
5147.jpg,0
299034.jpg,0
51358.jpg,0
81431.jpg,0
7612.jpg,0
84283.jpg,0
83414.jpg,0
77934.jpg,0
306165.jpg,0
70403.jpg,0
58126.jpg,0
43226.jpg,0
43193.jpg,0
502.jpg,0
62993.jpg,0
54279.jpg,0
305116.jpg,0
87862.jpg,0
31320.jpg,0
50110.jpg,0
85246.jpg,0
8103.jpg,0
5851.jpg,0
302373.jpg,0
83998.jpg,0
68461.jpg,0
96896.jpg,0
98719.jpg,0
73495.jpg,0
93733.jpg,0
48638.jpg,0
6893.jpg,0
36715.jpg,0
34253.jpg,0
302114.jpg,0
62257.jpg,0
94069.jpg,0
73263.jpg,0
63598.jpg,0
51128.jpg,0
91516.jpg,0
296305.jpg,0
83937.jpg,0
65879.jpg,0
297035.jpg,0
41030.jpg,0
91987.jpg,0
87122.jpg,0
94792.jpg,0
49827.jpg,0
302480.jpg,0
57626.jpg,0
78103.jpg,0
63838.jpg,0
86260.jpg,0
64510.jpg,0
297735.jpg,0
51775.jpg,0
43811.jpg,0
299783.jpg,0
52934.jpg,0
89824.jpg,0
87756.jpg,0
55310.jpg,0
94906.jpg,0
45350.jpg,0
71813.jpg,0
83240.jpg,0
300308.jpg,0
55129.jpg,0
42452.jpg,0
69680.jpg,0
91230.jpg,0
52710.jpg,0
58723.jpg,0
93494.jpg,0
87970.jpg,0
49122.jpg,0
60862.jpg,0
58745.jpg,0
86962.jpg,0
42538.jpg,0
43107.jpg,0
307636.jpg,0
61044.jpg,0
45493.jpg,0
80604.jpg,0
90140.jpg,0
71998.jpg,0
81946.jpg,0
3958.jpg,0
72902.jpg,0
8515.jpg,0
47914.jpg,0
68222.jpg,0
53178.jpg,0
95206.jpg,0
86328.jpg,0
90494.jpg,0
46238.jpg,0
69309.jpg,0
304964.jpg,0
72379.jpg,0
96805.jpg,0
76970.jpg,0
96952.jpg,0
304102.jpg,0
305514.jpg,0
302285.jpg,0
67855.jpg,0
98410.jpg,0
77350.jpg,0
44268.jpg,0
308823.jpg,0
91993.jpg,0
90675.jpg,0
65207.jpg,0
46570.jpg,0
295500.jpg,0
84069.jpg,0
297671.jpg,0
8594.jpg,0
35071.jpg,0
306763.jpg,0
46977.jpg,0
4209.jpg,0
68575.jpg,0
46500.jpg,0
96532.jpg,0
294699.jpg,0
94258.jpg,0
308719.jpg,0
97945.jpg,0
80542.jpg,0
96021.jpg,0
95551.jpg,0
31705.jpg,0
41726.jpg,0
46129.jpg,0
63995.jpg,0
307127.jpg,0
78037.jpg,0
95667.jpg,0
75457.jpg,0
72597.jpg,0
55528.jpg,0
55978.jpg,0
305132.jpg,0
43053.jpg,0
50825.jpg,0
47438.jpg,0
8823.jpg,0
298137.jpg,0
41808.jpg,0
41205.jpg,0
45786.jpg,0
309704.jpg,0
5618.jpg,0
43444.jpg,0
307319.jpg,0
297901.jpg,0
37292.jpg,0
94621.jpg,0
9334.jpg,0
39309.jpg,0
50069.jpg,0
89920.jpg,0
94812.jpg,0
81862.jpg,0
91871.jpg,0
85552.jpg,0
80687.jpg,0
87584.jpg,0
88506.jpg,0
297888.jpg,0
84749.jpg,0
302380.jpg,0
86074.jpg,0
69899.jpg,0
299476.jpg,0
39785.jpg,0
97342.jpg,0
3867.jpg,0
77570.jpg,0
92615.jpg,0
71029.jpg,0
96250.jpg,0
293943.jpg,0
79632.jpg,0
306486.jpg,0
99512.jpg,0
300617.jpg,0
95989.jpg,0
35046.jpg,0
50537.jpg,0
97289.jpg,0
74329.jpg,0
96717.jpg,0
70052.jpg,0
77300.jpg,0
721.jpg,0
38027.jpg,0
55453.jpg,0
36155.jpg,0
47555.jpg,0
39892.jpg,0
304294.jpg,0
30585.jpg,0
53257.jpg,0
57528.jpg,0
30823.jpg,0
7083.jpg,0
59591.jpg,0
98781.jpg,0
70423.jpg,0
57620.jpg,0
95215.jpg,0
92504.jpg,0
57689.jpg,0
83934.jpg,0
31493.jpg,0
7456.jpg,0
36848.jpg,0
36985.jpg,0
39832.jpg,0
82389.jpg,0
42289.jpg,0
39232.jpg,0
64336.jpg,0
51467.jpg,0
295529.jpg,0
62997.jpg,0
305708.jpg,0
90407.jpg,0
59188.jpg,0
298881.jpg,0
307767.jpg,0
38224.jpg,0
6955.jpg,0
78902.jpg,0
303612.jpg,0
97613.jpg,0
308056.jpg,0
59134.jpg,0
94718.jpg,0
63793.jpg,0
83895.jpg,0
6508.jpg,0
5941.jpg,0
82347.jpg,0
30814.jpg,0
46065.jpg,0
35036.jpg,0
306479.jpg,0
308251.jpg,0
74972.jpg,0
91864.jpg,0
68383.jpg,0
30215.jpg,0
294866.jpg,0
54942.jpg,0
58607.jpg,0
9209.jpg,0
53763.jpg,0
87017.jpg,0
296129.jpg,0
51491.jpg,0
77038.jpg,0
96742.jpg,0
39986.jpg,0
304764.jpg,0
77356.jpg,0
303511.jpg,0
307828.jpg,0
86178.jpg,0
61687.jpg,0
74499.jpg,0
66719.jpg,0
70890.jpg,0
55753.jpg,0
32841.jpg,0
298848.jpg,0
300679.jpg,0
303288.jpg,0
72374.jpg,0
53991.jpg,0
37476.jpg,0
44468.jpg,0
306475.jpg,0
72604.jpg,0
308215.jpg,0
90432.jpg,0
41167.jpg,0
308821.jpg,0
38050.jpg,0
57574.jpg,0
51583.jpg,0
40507.jpg,0
72658.jpg,0
98243.jpg,0
45110.jpg,0
52511.jpg,0
70265.jpg,0
65367.jpg,0
6809.jpg,0
96947.jpg,0
66398.jpg,0
85979.jpg,0
38570.jpg,0
48367.jpg,0
67083.jpg,0
74495.jpg,0
307830.jpg,0
305370.jpg,0
48396.jpg,0
65929.jpg,0
446.jpg,0
34351.jpg,0
52364.jpg,0
301745.jpg,0
305595.jpg,0
87546.jpg,0
72943.jpg,0
69805.jpg,0
7039.jpg,0
88852.jpg,0
306019.jpg,0
297637.jpg,0
29732.jpg,0
308666.jpg,0
49015.jpg,0
305021.jpg,0
298674.jpg,0
7702.jpg,0
300437.jpg,0
77466.jpg,0
66434.jpg,0
520.jpg,0
295588.jpg,0
5484.jpg,0
5196.jpg,0
86046.jpg,0
44928.jpg,0
90680.jpg,0
299997.jpg,0
46521.jpg,0
33537.jpg,0
32237.jpg,0
301694.jpg,0
301452.jpg,0
93867.jpg,0
97578.jpg,0
76839.jpg,0
47691.jpg,0
69665.jpg,0
302322.jpg,0
88348.jpg,0
40342.jpg,0
59868.jpg,0
301957.jpg,0
302756.jpg,0
80556.jpg,0
44927.jpg,0
82069.jpg,0
38622.jpg,0
38805.jpg,0
68990.jpg,0
304771.jpg,0
54283.jpg,0
84341.jpg,0
65276.jpg,0
79154.jpg,0
68872.jpg,0
42542.jpg,0
296702.jpg,0
43763.jpg,0
306656.jpg,0
56657.jpg,0
307629.jpg,0
75770.jpg,0
93923.jpg,0
66480.jpg,0
30862.jpg,0
99672.jpg,0
80122.jpg,0
90138.jpg,0
67214.jpg,0
6034.jpg,0
62119.jpg,0
94892.jpg,0
29794.jpg,0
89466.jpg,0
82521.jpg,0
80364.jpg,0
37267.jpg,0
74652.jpg,0
90350.jpg,0
74901.jpg,0
88166.jpg,0
85461.jpg,0
296206.jpg,0
52501.jpg,0
47996.jpg,0
36913.jpg,0
309266.jpg,0
33418.jpg,0
83502.jpg,0
308021.jpg,0
68652.jpg,0
55025.jpg,0
86685.jpg,0
309492.jpg,0
87188.jpg,0
3985.jpg,0
5010.jpg,0
97395.jpg,0
37628.jpg,0
79662.jpg,0
55478.jpg,0
94332.jpg,0
63528.jpg,0
7666.jpg,0
71266.jpg,0
8734.jpg,0
40406.jpg,0
61097.jpg,0
63417.jpg,0
33116.jpg,0
5656.jpg,0
43870.jpg,0
79141.jpg,0
68153.jpg,0
97870.jpg,0
98935.jpg,0
297806.jpg,0
48116.jpg,0
3700.jpg,0
37175.jpg,0
90906.jpg,0
303879.jpg,0
37868.jpg,0
32392.jpg,0
41924.jpg,0
77447.jpg,0
79256.jpg,0
74230.jpg,0
300492.jpg,0
306275.jpg,0
92547.jpg,0
77000.jpg,0
62853.jpg,0
65137.jpg,0
42744.jpg,0
71324.jpg,0
302220.jpg,0
474.jpg,0
66614.jpg,0
8404.jpg,0
93280.jpg,0
47679.jpg,0
45967.jpg,0
62131.jpg,0
97436.jpg,0
41641.jpg,0
2968.jpg,0
85184.jpg,0
43101.jpg,0
299366.jpg,0
309113.jpg,0
97615.jpg,0
44926.jpg,0
54208.jpg,0
38642.jpg,0
53073.jpg,0
74938.jpg,0
35604.jpg,0
65444.jpg,0
5612.jpg,0
93903.jpg,0
55778.jpg,0
296475.jpg,0
84468.jpg,0
78590.jpg,0
39152.jpg,0
304522.jpg,0
65611.jpg,0
37866.jpg,0
56056.jpg,0
88411.jpg,0
8187.jpg,0
306901.jpg,0
38449.jpg,0
86179.jpg,0
67268.jpg,0
54212.jpg,0
97522.jpg,0
78286.jpg,0
46681.jpg,0
83181.jpg,0
45357.jpg,0
58716.jpg,0
85183.jpg,0
302856.jpg,0
301278.jpg,0
96289.jpg,0
80498.jpg,0
4256.jpg,0
4488.jpg,0
57608.jpg,0
45928.jpg,0
96161.jpg,0
295819.jpg,0
78793.jpg,0
60286.jpg,0
63501.jpg,0
303729.jpg,0
64512.jpg,0
99659.jpg,0
97900.jpg,0
52513.jpg,0
6264.jpg,0
40038.jpg,0
53490.jpg,0
47731.jpg,0
66542.jpg,0
44452.jpg,0
99626.jpg,0
59873.jpg,0
88988.jpg,0
93191.jpg,0
69761.jpg,0
306647.jpg,0
79047.jpg,0
57495.jpg,0
36004.jpg,0
51180.jpg,0
295851.jpg,0
32161.jpg,0
84903.jpg,0
37259.jpg,0
72678.jpg,0
300981.jpg,0
70320.jpg,0
40001.jpg,0
56900.jpg,0
84303.jpg,0
300829.jpg,0
300303.jpg,0
528.jpg,0
305221.jpg,0
66695.jpg,0
77045.jpg,0
96901.jpg,0
61692.jpg,0
3520.jpg,0
67736.jpg,0
60901.jpg,0
36982.jpg,0
81235.jpg,0
9036.jpg,0
53139.jpg,0
33250.jpg,0
40388.jpg,0
92088.jpg,0
86643.jpg,0
78228.jpg,0
74903.jpg,0
78726.jpg,0
7675.jpg,0
62787.jpg,0
3139.jpg,0
302293.jpg,0
304996.jpg,0
98624.jpg,0
92622.jpg,0
39051.jpg,0
42679.jpg,0
70469.jpg,0
37044.jpg,0
80643.jpg,0
33654.jpg,0
82796.jpg,0
74357.jpg,0
30212.jpg,0
85894.jpg,0
8748.jpg,0
41974.jpg,0
53891.jpg,0
58219.jpg,0
302820.jpg,0
35507.jpg,0
308157.jpg,0
58482.jpg,0
68218.jpg,0
86833.jpg,0
96343.jpg,0
81910.jpg,0
299798.jpg,0
50745.jpg,0
8928.jpg,0
37611.jpg,0
47403.jpg,0
297042.jpg,0
6289.jpg,0
61630.jpg,0
50897.jpg,0
32303.jpg,0
50123.jpg,0
305800.jpg,0
51770.jpg,0
74027.jpg,0
305572.jpg,0
96123.jpg,0
308242.jpg,0
51668.jpg,0
88856.jpg,0
81258.jpg,0
82531.jpg,0
92203.jpg,0
87481.jpg,0
72858.jpg,0
42403.jpg,0
92156.jpg,0
84158.jpg,0
38834.jpg,0
64020.jpg,0
306568.jpg,0
88925.jpg,0
43299.jpg,0
98540.jpg,0
87242.jpg,0
51295.jpg,0
48332.jpg,0
54544.jpg,0
39854.jpg,0
90576.jpg,0
71270.jpg,0
68644.jpg,0
37084.jpg,0
55283.jpg,0
57709.jpg,0
59603.jpg,0
88006.jpg,0
99640.jpg,0
35227.jpg,0
52169.jpg,0
46638.jpg,0
300395.jpg,0
54780.jpg,0
60771.jpg,0
307202.jpg,0
56693.jpg,0
3558.jpg,0
31082.jpg,0
81144.jpg,0
7529.jpg,0
60832.jpg,0
77095.jpg,0
7128.jpg,0
59102.jpg,0
9079.jpg,0
80417.jpg,0
77339.jpg,0
9481.jpg,0
69089.jpg,0
69177.jpg,0
58132.jpg,0
298531.jpg,0
48781.jpg,0
9642.jpg,0
97025.jpg,0
95606.jpg,0
296413.jpg,0
93055.jpg,0
8999.jpg,0
67439.jpg,0
86216.jpg,0
32634.jpg,0
79062.jpg,0
67488.jpg,0
78366.jpg,0
48703.jpg,0
299670.jpg,0
30892.jpg,0
91089.jpg,0
93376.jpg,0
84187.jpg,0
97913.jpg,0
297520.jpg,0
304390.jpg,0
55802.jpg,0
99591.jpg,0
88445.jpg,0
54923.jpg,0
9788.jpg,0
99955.jpg,0
38181.jpg,0
308536.jpg,0
295631.jpg,0
46455.jpg,0
32943.jpg,0
80027.jpg,0
79276.jpg,0
42240.jpg,0
73456.jpg,0
42847.jpg,0
73564.jpg,0
49053.jpg,0
51987.jpg,0
59493.jpg,0
36080.jpg,0
9091.jpg,0
301853.jpg,0
74024.jpg,0
29900.jpg,0
98079.jpg,0
66096.jpg,0
74403.jpg,0
41361.jpg,0
61870.jpg,0
301184.jpg,0
94110.jpg,0
79964.jpg,0
301590.jpg,0
3343.jpg,0
79826.jpg,0
30495.jpg,0
54186.jpg,0
84093.jpg,0
6248.jpg,0
304980.jpg,0
89228.jpg,0
306120.jpg,0
305626.jpg,0
70928.jpg,0
306896.jpg,0
53939.jpg,0
59528.jpg,0
46869.jpg,0
79958.jpg,0
302648.jpg,0
67051.jpg,0
80323.jpg,0
83809.jpg,0
49678.jpg,0
8455.jpg,0
96380.jpg,0
974.jpg,0
3945.jpg,0
54851.jpg,0
300003.jpg,0
309614.jpg,0
308645.jpg,0
298233.jpg,0
97330.jpg,0
304852.jpg,0
73873.jpg,0
63324.jpg,0
305177.jpg,0
37281.jpg,0
90501.jpg,0
55208.jpg,0
34790.jpg,0
89667.jpg,0
53637.jpg,0
37238.jpg,0
41842.jpg,0
304820.jpg,0
302404.jpg,0
61372.jpg,0
69485.jpg,0
39443.jpg,0
65889.jpg,0
71927.jpg,0
59964.jpg,0
42007.jpg,0
61016.jpg,0
76895.jpg,0
296854.jpg,0
73398.jpg,0
38119.jpg,0
51976.jpg,0
305419.jpg,0
41618.jpg,0
304076.jpg,0
98973.jpg,0
60167.jpg,0
31349.jpg,0
57147.jpg,0
38661.jpg,0
73338.jpg,0
36965.jpg,0
40010.jpg,0
7726.jpg,0
93345.jpg,0
33398.jpg,0
308702.jpg,0
68385.jpg,0
297446.jpg,0
298603.jpg,0
58133.jpg,0
70353.jpg,0
67677.jpg,0
98605.jpg,0
33071.jpg,0
88136.jpg,0
29878.jpg,0
298317.jpg,0
49919.jpg,0
90424.jpg,0
59704.jpg,0
74699.jpg,0
36215.jpg,0
68495.jpg,0
92643.jpg,0
3691.jpg,0
89316.jpg,0
4722.jpg,0
64076.jpg,0
94461.jpg,0
74140.jpg,0
49856.jpg,0
69733.jpg,0
94049.jpg,0
8283.jpg,0
85910.jpg,0
91397.jpg,0
69983.jpg,0
82842.jpg,0
33386.jpg,0
37707.jpg,0
308115.jpg,0
75681.jpg,0
30196.jpg,0
301268.jpg,0
95063.jpg,0
65833.jpg,0
50460.jpg,0
72111.jpg,0
51629.jpg,0
71412.jpg,0
76760.jpg,0
42415.jpg,0
74560.jpg,0
298298.jpg,0
97928.jpg,0
96746.jpg,0
97524.jpg,0
98112.jpg,0
32622.jpg,0
37619.jpg,0
62966.jpg,0
38125.jpg,0
31650.jpg,0
66041.jpg,0
301388.jpg,0
42724.jpg,0
9321.jpg,0
78723.jpg,0
97069.jpg,0
62505.jpg,0
79715.jpg,0
41017.jpg,0
67232.jpg,0
99965.jpg,0
44650.jpg,0
80736.jpg,0
308800.jpg,0
74390.jpg,0
59040.jpg,0
71097.jpg,0
81547.jpg,0
70790.jpg,0
34123.jpg,0
65632.jpg,0
73227.jpg,0
98925.jpg,0
64581.jpg,0
8808.jpg,0
58736.jpg,0
85711.jpg,0
34825.jpg,0
67466.jpg,0
96295.jpg,0
71946.jpg,0
51617.jpg,0
7886.jpg,0
76812.jpg,0
59374.jpg,0
99015.jpg,0
75734.jpg,0
94535.jpg,0
49222.jpg,0
96775.jpg,0
299708.jpg,0
57784.jpg,0
40766.jpg,0
65463.jpg,0
295108.jpg,0
99153.jpg,0
50367.jpg,0
85345.jpg,0
308712.jpg,0
50717.jpg,0
91751.jpg,0
309460.jpg,0
8777.jpg,0
37836.jpg,0
79555.jpg,0
99734.jpg,0
49272.jpg,0
99577.jpg,0
79409.jpg,0
81316.jpg,0
68992.jpg,0
74522.jpg,0
45252.jpg,0
43977.jpg,0
42454.jpg,0
97678.jpg,0
32314.jpg,0
86772.jpg,0
35296.jpg,0
79112.jpg,0
43519.jpg,0
52328.jpg,0
38373.jpg,0
75391.jpg,0
67015.jpg,0
40587.jpg,0
70039.jpg,0
47362.jpg,0
61538.jpg,0
36210.jpg,0
62267.jpg,0
79056.jpg,0
48231.jpg,0
46360.jpg,0
52051.jpg,0
67191.jpg,0
45404.jpg,0
38606.jpg,0
78780.jpg,0
89213.jpg,0
80189.jpg,0
303214.jpg,0
3098.jpg,0
304589.jpg,0
57366.jpg,0
85405.jpg,0
6226.jpg,0
44625.jpg,0
33466.jpg,0
65037.jpg,0
77195.jpg,0
38689.jpg,0
73360.jpg,0
91129.jpg,0
305151.jpg,0
6557.jpg,0
54112.jpg,0
54397.jpg,0
69667.jpg,0
59175.jpg,0
57393.jpg,0
6643.jpg,0
31852.jpg,0
301003.jpg,0
30756.jpg,0
42180.jpg,0
302280.jpg,0
39994.jpg,0
36928.jpg,0
85091.jpg,0
72097.jpg,0
79348.jpg,0
50980.jpg,0
41633.jpg,0
66895.jpg,0
29815.jpg,0
64095.jpg,0
41907.jpg,0
298641.jpg,0
63596.jpg,0
309537.jpg,0
67291.jpg,0
98572.jpg,0
49266.jpg,0
305065.jpg,0
33293.jpg,0
57210.jpg,0
299896.jpg,0
41833.jpg,0
39270.jpg,0
36579.jpg,0
94098.jpg,0
65204.jpg,0
44967.jpg,0
42806.jpg,0
84840.jpg,0
97657.jpg,0
84408.jpg,0
71972.jpg,0
51391.jpg,0
47303.jpg,0
300827.jpg,0
68878.jpg,0
67160.jpg,0
91095.jpg,0
43122.jpg,0
9744.jpg,0
34421.jpg,0
70431.jpg,0
7774.jpg,0
84989.jpg,0
64178.jpg,0
352.jpg,0
297734.jpg,0
91020.jpg,0
75889.jpg,0
96155.jpg,0
40566.jpg,0
31190.jpg,0
52289.jpg,0
86942.jpg,0
56749.jpg,0
74376.jpg,0
36324.jpg,0
8503.jpg,0
296812.jpg,0
59052.jpg,0
8109.jpg,0
87412.jpg,0
39954.jpg,0
4671.jpg,0
3258.jpg,0
31281.jpg,0
5457.jpg,0
53456.jpg,0
36103.jpg,0
92616.jpg,0
298994.jpg,0
3238.jpg,0
36026.jpg,0
32447.jpg,0
52552.jpg,0
3892.jpg,0
45411.jpg,0
308775.jpg,0
59584.jpg,0
94688.jpg,0
64795.jpg,0
94797.jpg,0
60395.jpg,0
301270.jpg,0
296981.jpg,0
95801.jpg,0
34332.jpg,0
49494.jpg,0
62759.jpg,0
81504.jpg,0
305742.jpg,0
298373.jpg,0
9232.jpg,0
53808.jpg,0
95115.jpg,0
8789.jpg,0
75548.jpg,0
65610.jpg,0
6411.jpg,0
48549.jpg,0
30342.jpg,0
99500.jpg,0
68377.jpg,0
89955.jpg,0
59278.jpg,0
55379.jpg,0
6945.jpg,0
58752.jpg,0
67408.jpg,0
65545.jpg,0
52498.jpg,0
7736.jpg,0
69222.jpg,0
67553.jpg,0
44913.jpg,0
63165.jpg,0
309689.jpg,0
62585.jpg,0
787.jpg,0
70591.jpg,0
306783.jpg,0
74573.jpg,0
68256.jpg,0
33955.jpg,0
64755.jpg,0
805.jpg,0
78207.jpg,0
93506.jpg,0
37230.jpg,0
93510.jpg,0
32321.jpg,0
3902.jpg,0
84607.jpg,0
6950.jpg,0
301386.jpg,0
75684.jpg,0
32040.jpg,0
43963.jpg,0
73465.jpg,0
74124.jpg,0
40688.jpg,0
96903.jpg,0
41932.jpg,0
79061.jpg,0
8841.jpg,0
48316.jpg,0
91166.jpg,0
60970.jpg,0
84263.jpg,0
30030.jpg,0
64011.jpg,0
45603.jpg,0
300277.jpg,0
32718.jpg,0
50809.jpg,0
47406.jpg,0
91613.jpg,0
304606.jpg,0
60102.jpg,0
82070.jpg,0
42359.jpg,0
8011.jpg,0
3140.jpg,0
71269.jpg,0
35832.jpg,0
87262.jpg,0
295518.jpg,0
51420.jpg,0
30983.jpg,0
490.jpg,0
54245.jpg,0
3930.jpg,0
398.jpg,0
79233.jpg,0
57288.jpg,0
79633.jpg,0
49787.jpg,0
82812.jpg,0
80451.jpg,0
41582.jpg,0
300645.jpg,0
92304.jpg,0
43195.jpg,0
52142.jpg,0
307955.jpg,0
32077.jpg,0
98777.jpg,0
47596.jpg,0
70273.jpg,0
296799.jpg,0
43160.jpg,0
95788.jpg,0
79593.jpg,0
41667.jpg,0
34464.jpg,0
93597.jpg,0
303656.jpg,0
296927.jpg,0
67870.jpg,0
88670.jpg,0
61245.jpg,0
64808.jpg,0
69133.jpg,0
303708.jpg,0
74432.jpg,0
45287.jpg,0
89563.jpg,0
74223.jpg,0
32540.jpg,0
48722.jpg,0
82944.jpg,0
88978.jpg,0
77257.jpg,0
88062.jpg,0
84472.jpg,0
59019.jpg,0
295945.jpg,0
299861.jpg,0
44020.jpg,0
299092.jpg,0
303714.jpg,0
69072.jpg,0
36539.jpg,0
44067.jpg,0
87367.jpg,0
4296.jpg,0
98924.jpg,0
88784.jpg,0
66032.jpg,0
76880.jpg,0
79382.jpg,0
71120.jpg,0
304426.jpg,0
306976.jpg,0
67450.jpg,0
87891.jpg,0
47270.jpg,0
70779.jpg,0
307309.jpg,0
51110.jpg,0
37130.jpg,0
45690.jpg,0
48310.jpg,0
294728.jpg,0
303968.jpg,0
77031.jpg,0
31414.jpg,0
98443.jpg,0
303384.jpg,0
305665.jpg,0
93493.jpg,0
84968.jpg,0
29871.jpg,0
74411.jpg,0
791.jpg,0
84685.jpg,0
30049.jpg,0
293435.jpg,0
37344.jpg,0
295423.jpg,0
40737.jpg,0
79403.jpg,0
38375.jpg,0
63911.jpg,0
70542.jpg,0
39775.jpg,0
68768.jpg,0
57798.jpg,0
84709.jpg,0
92975.jpg,0
92303.jpg,0
53268.jpg,0
308395.jpg,0
300877.jpg,0
59905.jpg,0
47091.jpg,0
6218.jpg,0
33759.jpg,0
43810.jpg,0
39765.jpg,0
35769.jpg,0
96262.jpg,0
92409.jpg,0
50296.jpg,0
53930.jpg,0
75574.jpg,0
96043.jpg,0
54788.jpg,0
44961.jpg,0
44498.jpg,0
54003.jpg,0
41022.jpg,0
300568.jpg,0
29865.jpg,0
71711.jpg,0
307052.jpg,0
298437.jpg,0
97523.jpg,0
72501.jpg,0
29811.jpg,0
34165.jpg,0
52246.jpg,0
96293.jpg,0
44275.jpg,0
93321.jpg,0
95016.jpg,0
63120.jpg,0
89267.jpg,0
306554.jpg,0
48041.jpg,0
42678.jpg,0
31001.jpg,0
50548.jpg,0
49258.jpg,0
84711.jpg,0
309542.jpg,0
55458.jpg,0
49793.jpg,0
43121.jpg,0
6073.jpg,0
307248.jpg,0
58243.jpg,0
67227.jpg,0
306182.jpg,0
66346.jpg,0
75882.jpg,0
78119.jpg,0
56529.jpg,0
9241.jpg,0
298363.jpg,0
308934.jpg,0
299398.jpg,0
85830.jpg,0
80520.jpg,0
86424.jpg,0
73180.jpg,0
300570.jpg,0
85820.jpg,0
54436.jpg,0
475.jpg,0
8025.jpg,0
75120.jpg,0
53407.jpg,0
87642.jpg,0
8492.jpg,0
53661.jpg,0
92659.jpg,0
49408.jpg,0
306582.jpg,0
99778.jpg,0
72675.jpg,0
297418.jpg,0
57364.jpg,0
31962.jpg,0
59509.jpg,0
296567.jpg,0
4702.jpg,0
5824.jpg,0
53676.jpg,0
45905.jpg,0
299971.jpg,0
39977.jpg,0
29488.jpg,0
84417.jpg,0
6907.jpg,0
94268.jpg,0
501.jpg,0
33662.jpg,0
32732.jpg,0
59080.jpg,0
41239.jpg,0
82177.jpg,0
32477.jpg,0
60108.jpg,0
299838.jpg,0
306208.jpg,0
89772.jpg,0
308436.jpg,0
42891.jpg,0
40496.jpg,0
6864.jpg,0
8490.jpg,0
29688.jpg,0
69823.jpg,0
56527.jpg,0
86700.jpg,0
97891.jpg,0
67108.jpg,0
38239.jpg,0
308931.jpg,0
305562.jpg,0
70468.jpg,0
30266.jpg,0
297994.jpg,0
500.jpg,0
5943.jpg,0
77806.jpg,0
81758.jpg,0
43482.jpg,0
33808.jpg,0
75423.jpg,0
80755.jpg,0
75191.jpg,0
54162.jpg,0
40544.jpg,0
52251.jpg,0
7892.jpg,0
72377.jpg,0
9654.jpg,0
78355.jpg,0
78372.jpg,0
65310.jpg,0
82733.jpg,0
79045.jpg,0
34020.jpg,0
55710.jpg,0
305018.jpg,0
71138.jpg,0
88388.jpg,0
6152.jpg,0
79216.jpg,0
297660.jpg,0
306852.jpg,0
300583.jpg,0
300530.jpg,0
297545.jpg,0
298478.jpg,0
97926.jpg,0
56260.jpg,0
64798.jpg,0
48918.jpg,0
93738.jpg,0
299985.jpg,0
5109.jpg,0
60022.jpg,0
99968.jpg,0
86121.jpg,0
85904.jpg,0
86232.jpg,0
84305.jpg,0
70813.jpg,0
57294.jpg,0
67380.jpg,0
41280.jpg,0
32099.jpg,0
6003.jpg,0
303599.jpg,0
80401.jpg,0
78785.jpg,0
65779.jpg,0
302964.jpg,0
63709.jpg,0
38516.jpg,0
71762.jpg,0
6164.jpg,0
71842.jpg,0
83351.jpg,0
68382.jpg,0
81408.jpg,0
68855.jpg,0
300524.jpg,0
299926.jpg,0
97221.jpg,0
90266.jpg,0
58596.jpg,0
96620.jpg,0
81254.jpg,0
55916.jpg,0
93304.jpg,0
79487.jpg,0
58078.jpg,0
83444.jpg,0
56386.jpg,0
40877.jpg,0
33883.jpg,0
33167.jpg,0
33442.jpg,0
298114.jpg,0
3332.jpg,0
37756.jpg,0
65133.jpg,0
46795.jpg,0
31100.jpg,0
53353.jpg,0
305007.jpg,0
43968.jpg,0
63855.jpg,0
95448.jpg,0
87195.jpg,0
68491.jpg,0
302336.jpg,0
92100.jpg,0
89059.jpg,0
667.jpg,0
63206.jpg,0
58854.jpg,0
78669.jpg,0
63361.jpg,0
305033.jpg,0
35169.jpg,0
85133.jpg,0
303380.jpg,0
61290.jpg,0
35866.jpg,0
75583.jpg,0
88218.jpg,0
93371.jpg,0
309180.jpg,0
92824.jpg,0
297665.jpg,0
73638.jpg,0
46634.jpg,0
98345.jpg,0
93954.jpg,0
7404.jpg,0
78358.jpg,0
295442.jpg,0
76002.jpg,0
91469.jpg,0
78593.jpg,0
304495.jpg,0
301912.jpg,0
38649.jpg,0
42199.jpg,0
38647.jpg,0
74059.jpg,0
295587.jpg,0
300950.jpg,0
54081.jpg,0
303569.jpg,0
69365.jpg,0
300465.jpg,0
74050.jpg,0
71921.jpg,0
36485.jpg,0
97150.jpg,0
38446.jpg,0
64892.jpg,0
305538.jpg,0
76845.jpg,0
298859.jpg,0
299827.jpg,0
85741.jpg,0
75844.jpg,0
32373.jpg,0
296239.jpg,0
309582.jpg,0
308585.jpg,0
56881.jpg,0
48092.jpg,0
88648.jpg,0
306761.jpg,0
36746.jpg,0
5777.jpg,0
9108.jpg,0
63925.jpg,0
89076.jpg,0
298132.jpg,0
305567.jpg,0
6814.jpg,0
74717.jpg,0
30047.jpg,0
58811.jpg,0
68030.jpg,0
49043.jpg,0
49469.jpg,0
97999.jpg,0
38337.jpg,0
50930.jpg,0
81406.jpg,0
35477.jpg,0
38057.jpg,0
81635.jpg,0
5697.jpg,0
63924.jpg,0
68254.jpg,0
4694.jpg,0
96536.jpg,0
43929.jpg,0
43389.jpg,0
49857.jpg,0
88935.jpg,0
64934.jpg,0
72941.jpg,0
304465.jpg,0
55518.jpg,0
93086.jpg,0
46199.jpg,0
39399.jpg,0
87625.jpg,0
5075.jpg,0
8528.jpg,0
66143.jpg,0
45958.jpg,0
94679.jpg,0
42457.jpg,0
90807.jpg,0
56702.jpg,0
78201.jpg,0
44677.jpg,0
88611.jpg,0
70480.jpg,0
5504.jpg,0
298445.jpg,0
6990.jpg,0
95467.jpg,0
88294.jpg,0
68472.jpg,0
88060.jpg,0
39451.jpg,0
8233.jpg,0
303521.jpg,0
305499.jpg,0
77963.jpg,0
51484.jpg,0
85674.jpg,0
9098.jpg,0
43077.jpg,0
88466.jpg,0
50521.jpg,0
90520.jpg,0
8176.jpg,0
57417.jpg,0
31262.jpg,0
71466.jpg,0
66578.jpg,0
59124.jpg,0
83267.jpg,0
41432.jpg,0
43419.jpg,0
51022.jpg,0
97154.jpg,0
54582.jpg,0
99366.jpg,0
69776.jpg,0
297144.jpg,0
80108.jpg,0
303664.jpg,0
39158.jpg,0
47468.jpg,0
32542.jpg,0
68360.jpg,0
58896.jpg,0
89961.jpg,0
305873.jpg,0
299923.jpg,0
95140.jpg,0
73635.jpg,0
54254.jpg,0
50510.jpg,0
52413.jpg,0
73581.jpg,0
60941.jpg,0
63251.jpg,0
87185.jpg,0
85620.jpg,0
36127.jpg,0
304955.jpg,0
45515.jpg,0
88399.jpg,0
8431.jpg,0
300534.jpg,0
39957.jpg,0
87997.jpg,0
37712.jpg,0
4265.jpg,0
43431.jpg,0
68857.jpg,0
46989.jpg,0
31728.jpg,0
296079.jpg,0
301678.jpg,0
91803.jpg,0
38039.jpg,0
96214.jpg,0
305942.jpg,0
35473.jpg,0
89434.jpg,0
74441.jpg,0
44632.jpg,0
300042.jpg,0
91745.jpg,0
297552.jpg,0
37702.jpg,0
299067.jpg,0
69248.jpg,0
34330.jpg,0
66231.jpg,0
91326.jpg,0
29894.jpg,0
31267.jpg,0
42643.jpg,0
51063.jpg,0
46524.jpg,0
71055.jpg,0
41093.jpg,0
7830.jpg,0
98294.jpg,0
89386.jpg,0
63862.jpg,0
84644.jpg,0
39516.jpg,0
95763.jpg,0
30255.jpg,0
79293.jpg,0
297614.jpg,0
3956.jpg,0
69151.jpg,0
305785.jpg,0
30741.jpg,0
86755.jpg,0
300804.jpg,0
304696.jpg,0
6084.jpg,0
84726.jpg,0
34503.jpg,0
88738.jpg,0
36726.jpg,0
69894.jpg,0
7651.jpg,0
99908.jpg,0
90987.jpg,0
297729.jpg,0
297995.jpg,0
298019.jpg,0
303099.jpg,0
75091.jpg,0
70001.jpg,0
7862.jpg,0
55863.jpg,0
85615.jpg,0
77965.jpg,0
36023.jpg,0
309656.jpg,0
32623.jpg,0
68866.jpg,0
4056.jpg,0
68086.jpg,0
96153.jpg,0
304280.jpg,0
302203.jpg,0
298249.jpg,0
307867.jpg,0
40366.jpg,0
44756.jpg,0
42486.jpg,0
36194.jpg,0
45898.jpg,0
99622.jpg,0
61603.jpg,0
85368.jpg,0
297590.jpg,0
90668.jpg,0
82241.jpg,0
58924.jpg,0
62960.jpg,0
78668.jpg,0
8033.jpg,0
44009.jpg,0
65906.jpg,0
304577.jpg,0
52329.jpg,0
299259.jpg,0
75093.jpg,0
305009.jpg,0
306114.jpg,0
68541.jpg,0
56798.jpg,0
98320.jpg,0
304191.jpg,0
47623.jpg,0
76025.jpg,0
52372.jpg,0
43189.jpg,0
29804.jpg,0
71361.jpg,0
304582.jpg,0
36231.jpg,0
86086.jpg,0
35967.jpg,0
69152.jpg,0
49366.jpg,0
297529.jpg,0
83647.jpg,0
44340.jpg,0
41117.jpg,0
72102.jpg,0
704.jpg,0
295356.jpg,0
33725.jpg,0
59113.jpg,0
3909.jpg,0
43827.jpg,0
43978.jpg,0
298698.jpg,0
91668.jpg,0
75488.jpg,0
302125.jpg,0
88362.jpg,0
66939.jpg,0
62281.jpg,0
4298.jpg,0
64942.jpg,0
65572.jpg,0
85502.jpg,0
31903.jpg,0
38433.jpg,0
307696.jpg,0
44951.jpg,0
4429.jpg,0
29968.jpg,0
51903.jpg,0
69640.jpg,0
4971.jpg,0
67079.jpg,0
298022.jpg,0
299998.jpg,0
34117.jpg,0
41644.jpg,0
64005.jpg,0
79781.jpg,0
69701.jpg,0
296741.jpg,0
309035.jpg,0
9766.jpg,0
34396.jpg,0
9276.jpg,0
57500.jpg,0
51867.jpg,0
62625.jpg,0
97174.jpg,0
37642.jpg,0
84178.jpg,0
73275.jpg,0
298420.jpg,0
88753.jpg,0
70163.jpg,0
307316.jpg,0
57787.jpg,0
35440.jpg,0
31149.jpg,0
53136.jpg,0
46446.jpg,0
73391.jpg,0
46153.jpg,0
87500.jpg,0
54194.jpg,0
82524.jpg,0
87881.jpg,0
72471.jpg,0
300778.jpg,0
7599.jpg,0
90911.jpg,0
304062.jpg,0
56996.jpg,0
83618.jpg,0
75395.jpg,0
32741.jpg,0
33240.jpg,0
81608.jpg,0
82875.jpg,0
55558.jpg,0
301239.jpg,0
43719.jpg,0
53361.jpg,0
301363.jpg,0
55332.jpg,0
91510.jpg,0
36662.jpg,0
32196.jpg,0
37137.jpg,0
302176.jpg,0
50193.jpg,0
83099.jpg,0
43319.jpg,0
74139.jpg,0
64674.jpg,0
303222.jpg,0
95633.jpg,0
84647.jpg,0
30994.jpg,0
40804.jpg,0
63104.jpg,0
306010.jpg,0
90740.jpg,0
95762.jpg,0
95052.jpg,0
86151.jpg,0
54491.jpg,0
46549.jpg,0
39743.jpg,0
56608.jpg,0
300722.jpg,0
73756.jpg,0
296095.jpg,0
65332.jpg,0
54934.jpg,0
67582.jpg,0
49140.jpg,0
300288.jpg,0
37029.jpg,0
74777.jpg,0
49873.jpg,0
8063.jpg,0
53335.jpg,0
95654.jpg,0
52038.jpg,0
49677.jpg,0
91371.jpg,0
83319.jpg,0
91066.jpg,0
300205.jpg,0
68339.jpg,0
30759.jpg,0
300335.jpg,0
97194.jpg,0
69815.jpg,0
32783.jpg,0
306626.jpg,0
77479.jpg,0
43567.jpg,0
295113.jpg,0
6115.jpg,0
299768.jpg,0
306728.jpg,0
79864.jpg,0
298166.jpg,0
48063.jpg,0
97145.jpg,0
44524.jpg,0
295813.jpg,0
306967.jpg,0
6054.jpg,0
6816.jpg,0
94945.jpg,0
34109.jpg,0
302442.jpg,0
93281.jpg,0
81900.jpg,0
82700.jpg,0
41697.jpg,0
49193.jpg,0
89349.jpg,0
79089.jpg,0
59356.jpg,0
59614.jpg,0
309422.jpg,0
72196.jpg,0
34725.jpg,0
34244.jpg,0
59002.jpg,0
29936.jpg,0
81360.jpg,0
86459.jpg,0
36343.jpg,0
82797.jpg,0
301518.jpg,0
99196.jpg,0
49652.jpg,0
83171.jpg,0
80321.jpg,0
8738.jpg,0
43129.jpg,0
99062.jpg,0
93697.jpg,0
42093.jpg,0
55313.jpg,0
89641.jpg,0
35334.jpg,0
60647.jpg,0
47312.jpg,0
302208.jpg,0
54433.jpg,0
49938.jpg,0
39342.jpg,0
81221.jpg,0
90577.jpg,0
41158.jpg,0
63870.jpg,0
98950.jpg,0
52296.jpg,0
52842.jpg,0
66210.jpg,0
51999.jpg,0
76811.jpg,0
67372.jpg,0
41846.jpg,0
49851.jpg,0
298058.jpg,0
297749.jpg,0
75849.jpg,0
31653.jpg,0
88858.jpg,0
76555.jpg,0
65700.jpg,0
44351.jpg,0
295781.jpg,0
69411.jpg,0
77564.jpg,0
64626.jpg,0
55098.jpg,0
36277.jpg,0
307873.jpg,0
66733.jpg,0
46301.jpg,0
87482.jpg,0
32264.jpg,0
306297.jpg,0
82067.jpg,0
38729.jpg,0
78558.jpg,0
66199.jpg,0
80875.jpg,0
301190.jpg,0
72380.jpg,0
4934.jpg,0
94502.jpg,0
85320.jpg,0
43632.jpg,0
45313.jpg,0
306912.jpg,0
299310.jpg,0
302229.jpg,0
43746.jpg,0
55525.jpg,0
92881.jpg,0
47220.jpg,0
4688.jpg,0
97113.jpg,0
93829.jpg,0
58216.jpg,0
47880.jpg,0
36075.jpg,0
31012.jpg,0
69999.jpg,0
50656.jpg,0
89087.jpg,0
90255.jpg,0
298969.jpg,0
40799.jpg,0
85038.jpg,0
75477.jpg,0
54957.jpg,0
54835.jpg,0
54015.jpg,0
307330.jpg,0
44260.jpg,0
36828.jpg,0
307811.jpg,0
38237.jpg,0
9588.jpg,0
87751.jpg,0
77871.jpg,0
72149.jpg,0
69078.jpg,0
49466.jpg,0
76604.jpg,0
304750.jpg,0
59571.jpg,0
299520.jpg,0
79917.jpg,0
300201.jpg,0
307043.jpg,0
307490.jpg,0
61780.jpg,0
65578.jpg,0
90678.jpg,0
71548.jpg,0
90491.jpg,0
305686.jpg,0
74426.jpg,0
39713.jpg,0
306089.jpg,0
36488.jpg,0
48731.jpg,0
67673.jpg,0
72638.jpg,0
91332.jpg,0
37615.jpg,0
296853.jpg,0
59695.jpg,0
73946.jpg,0
31583.jpg,0
59674.jpg,0
67869.jpg,0
306109.jpg,0
297533.jpg,0
84009.jpg,0
51935.jpg,0
300648.jpg,0
90220.jpg,0
30567.jpg,0
75903.jpg,0
299602.jpg,0
309382.jpg,0
67443.jpg,0
36047.jpg,0
85913.jpg,0
61029.jpg,0
49841.jpg,0
9360.jpg,0
55260.jpg,0
61698.jpg,0
95129.jpg,0
91313.jpg,0
43095.jpg,0
98878.jpg,0
52014.jpg,0
55308.jpg,0
5128.jpg,0
37963.jpg,0
84944.jpg,0
31473.jpg,0
39148.jpg,0
81168.jpg,0
302679.jpg,0
301251.jpg,0
44150.jpg,0
63670.jpg,0
42508.jpg,0
302541.jpg,0
36412.jpg,0
79564.jpg,0
7014.jpg,0
47761.jpg,0
35972.jpg,0
76418.jpg,0
59311.jpg,0
71546.jpg,0
305643.jpg,0
93450.jpg,0
98911.jpg,0
60292.jpg,0
96705.jpg,0
40713.jpg,0
79263.jpg,0
31943.jpg,0
47785.jpg,0
98846.jpg,0
79854.jpg,0
71284.jpg,0
55368.jpg,0
48174.jpg,0
41471.jpg,0
296502.jpg,0
81716.jpg,0
99562.jpg,0
48014.jpg,0
76350.jpg,0
54295.jpg,0
84975.jpg,0
72586.jpg,0
304743.jpg,0
54425.jpg,0
30172.jpg,0
64182.jpg,0
50498.jpg,0
74773.jpg,0
49448.jpg,0
67473.jpg,0
65438.jpg,0
61047.jpg,0
299625.jpg,0
65371.jpg,0
63171.jpg,0
56397.jpg,0
86693.jpg,0
302741.jpg,0
67817.jpg,0
44707.jpg,0
52532.jpg,0
87894.jpg,0
63818.jpg,0
36360.jpg,0
47032.jpg,0
46172.jpg,0
73288.jpg,0
60854.jpg,0
305380.jpg,0
96675.jpg,0
77499.jpg,0
67097.jpg,0
76952.jpg,0
68001.jpg,0
77931.jpg,0
79138.jpg,0
41610.jpg,0
97027.jpg,0
54787.jpg,0
9435.jpg,0
84932.jpg,0
307.jpg,0
299240.jpg,0
92065.jpg,0
307920.jpg,0
80404.jpg,0
58631.jpg,0
75348.jpg,0
33148.jpg,0
82302.jpg,0
308544.jpg,0
9118.jpg,0
33474.jpg,0
308917.jpg,0
303858.jpg,0
8846.jpg,0
306116.jpg,0
95415.jpg,0
70598.jpg,0
51165.jpg,0
90605.jpg,0
295240.jpg,0
63365.jpg,0
301801.jpg,0
298815.jpg,0
79625.jpg,0
53687.jpg,0
9368.jpg,0
73758.jpg,0
97260.jpg,0
301538.jpg,0
299020.jpg,0
99932.jpg,0
97344.jpg,0
309231.jpg,0
36086.jpg,0
88393.jpg,0
302656.jpg,0
301671.jpg,0
70196.jpg,0
89341.jpg,0
44785.jpg,0
52891.jpg,0
29510.jpg,0
64869.jpg,0
61922.jpg,0
44132.jpg,0
304309.jpg,0
301486.jpg,0
37199.jpg,0
68576.jpg,0
306015.jpg,0
308710.jpg,0
40370.jpg,0
302251.jpg,0
8389.jpg,0
48524.jpg,0
91022.jpg,0
47755.jpg,0
72876.jpg,0
307412.jpg,0
97819.jpg,0
49599.jpg,0
42227.jpg,0
89074.jpg,0
66676.jpg,0
86079.jpg,0
74606.jpg,0
38700.jpg,0
76596.jpg,0
72347.jpg,0
91600.jpg,0
54576.jpg,0
30836.jpg,0
297897.jpg,0
307790.jpg,0
96154.jpg,0
39491.jpg,0
77614.jpg,0
300133.jpg,0
56665.jpg,0
77715.jpg,0
79840.jpg,0
79224.jpg,0
67176.jpg,0
86380.jpg,0
71488.jpg,0
37681.jpg,0
38346.jpg,0
89555.jpg,0
87033.jpg,0
89327.jpg,0
304966.jpg,0
63633.jpg,0
299180.jpg,0
62952.jpg,0
297710.jpg,0
67660.jpg,0
94351.jpg,0
72694.jpg,0
61163.jpg,0
71944.jpg,0
99058.jpg,0
45881.jpg,0
3599.jpg,0
67085.jpg,0
69979.jpg,0
49655.jpg,0
80544.jpg,0
50491.jpg,0
37289.jpg,0
64024.jpg,0
93862.jpg,0
54610.jpg,0
30159.jpg,0
304454.jpg,0
298807.jpg,0
54095.jpg,0
73829.jpg,0
305781.jpg,0
38321.jpg,0
63184.jpg,0
95794.jpg,0
62928.jpg,0
41066.jpg,0
5724.jpg,0
92910.jpg,0
72510.jpg,0
445.jpg,0
42081.jpg,0
77471.jpg,0
37310.jpg,0
307778.jpg,0
9804.jpg,0
42463.jpg,0
61596.jpg,0
38309.jpg,0
307840.jpg,0
58281.jpg,0
79836.jpg,0
98655.jpg,0
86940.jpg,0
65661.jpg,0
56863.jpg,0
308640.jpg,0
305339.jpg,0
81228.jpg,0
31250.jpg,0
297600.jpg,0
297336.jpg,0
35180.jpg,0
298377.jpg,0
62981.jpg,0
88314.jpg,0
50439.jpg,0
91592.jpg,0
39165.jpg,0
33933.jpg,0
298013.jpg,0
53320.jpg,0
304722.jpg,0
32083.jpg,0
47482.jpg,0
65828.jpg,0
303736.jpg,0
63458.jpg,0
305286.jpg,0
308575.jpg,0
50448.jpg,0
59091.jpg,0
61298.jpg,0
45522.jpg,0
6444.jpg,0
97377.jpg,0
97773.jpg,0
86174.jpg,0
57099.jpg,0
55354.jpg,0
60207.jpg,0
42157.jpg,0
32903.jpg,0
33985.jpg,0
96601.jpg,0
38110.jpg,0
62975.jpg,0
90406.jpg,0
36312.jpg,0
94757.jpg,0
42763.jpg,0
61701.jpg,0
297395.jpg,0
2965.jpg,0
81613.jpg,0
5942.jpg,0
71833.jpg,0
3760.jpg,0
6837.jpg,0
36631.jpg,0
98630.jpg,0
308244.jpg,0
43818.jpg,0
94680.jpg,0
87669.jpg,0
9692.jpg,0
77580.jpg,0
74554.jpg,0
90762.jpg,0
38954.jpg,0
302706.jpg,0
306151.jpg,0
95971.jpg,0
31647.jpg,0
309675.jpg,0
96646.jpg,0
548.jpg,0
5826.jpg,0
49617.jpg,0
32717.jpg,0
54469.jpg,0
92352.jpg,0
60188.jpg,0
297821.jpg,0
42925.jpg,0
37695.jpg,0
88861.jpg,0
52072.jpg,0
91986.jpg,0
66098.jpg,0
47494.jpg,0
98017.jpg,0
52749.jpg,0
66000.jpg,0
62443.jpg,0
51465.jpg,0
94696.jpg,0
299089.jpg,0
55987.jpg,0
81243.jpg,0
91941.jpg,0
86201.jpg,0
305766.jpg,0
33575.jpg,0
300063.jpg,0
31136.jpg,0
93762.jpg,0
56614.jpg,0
64767.jpg,0
295862.jpg,0
99420.jpg,0
62726.jpg,0
61679.jpg,0
303712.jpg,0
63851.jpg,0
98415.jpg,0
96477.jpg,0
65841.jpg,0
59623.jpg,0
84399.jpg,0
74334.jpg,0
40094.jpg,0
97948.jpg,0
45019.jpg,0
58696.jpg,0
302508.jpg,0
56666.jpg,0
74211.jpg,0
39888.jpg,0
37041.jpg,0
73220.jpg,0
5055.jpg,0
305973.jpg,0
33118.jpg,0
90012.jpg,0
305920.jpg,0
79704.jpg,0
85688.jpg,0
73889.jpg,0
89234.jpg,0
42866.jpg,0
75341.jpg,0
303023.jpg,0
34431.jpg,0
81122.jpg,0
38858.jpg,0
65161.jpg,0
305444.jpg,0
79074.jpg,0
5770.jpg,0
38331.jpg,0
64045.jpg,0
53332.jpg,0
98717.jpg,0
78576.jpg,0
80083.jpg,0
55220.jpg,0
49506.jpg,0
84455.jpg,0
83837.jpg,0
6241.jpg,0
303483.jpg,0
51263.jpg,0
90553.jpg,0
78387.jpg,0
75768.jpg,0
72054.jpg,0
72979.jpg,0
92612.jpg,0
39714.jpg,0
77966.jpg,0
302131.jpg,0
89325.jpg,0
36865.jpg,0
5729.jpg,0
30936.jpg,0
83210.jpg,0
33330.jpg,0
299622.jpg,0
45759.jpg,0
54485.jpg,0
99710.jpg,0
36637.jpg,0
51545.jpg,0
80886.jpg,0
35042.jpg,0
71619.jpg,0
298364.jpg,0
4613.jpg,0
59260.jpg,0
75925.jpg,0
307327.jpg,0
97863.jpg,0
99746.jpg,0
65353.jpg,0
78704.jpg,0
67276.jpg,0
29780.jpg,0
64865.jpg,0
75138.jpg,0
41041.jpg,0
54528.jpg,0
51897.jpg,0
51624.jpg,0
43584.jpg,0
9457.jpg,0
6764.jpg,0
300964.jpg,0
59502.jpg,0
308988.jpg,0
37379.jpg,0
308699.jpg,0
35188.jpg,0
299746.jpg,0
296321.jpg,0
52590.jpg,0
34530.jpg,0
87890.jpg,0
89605.jpg,0
304856.jpg,0
88229.jpg,0
82144.jpg,0
7052.jpg,0
76943.jpg,0
37011.jpg,0
42721.jpg,0
83747.jpg,0
70145.jpg,0
303460.jpg,0
55146.jpg,0
52316.jpg,0
39982.jpg,0
61127.jpg,0
48017.jpg,0
3275.jpg,0
7310.jpg,0
54696.jpg,0
44088.jpg,0
6639.jpg,0
33656.jpg,0
87446.jpg,0
97452.jpg,0
35745.jpg,0
83294.jpg,0
67760.jpg,0
305420.jpg,0
305673.jpg,0
32372.jpg,0
51.jpg,0
55748.jpg,0
68960.jpg,0
87100.jpg,0
55463.jpg,0
92938.jpg,0
80472.jpg,0
59270.jpg,0
306492.jpg,0
9674.jpg,0
4394.jpg,0
39901.jpg,0
67194.jpg,0
75792.jpg,0
47368.jpg,0
96801.jpg,0
3155.jpg,0
41916.jpg,0
39855.jpg,0
40828.jpg,0
297658.jpg,0
30663.jpg,0
294066.jpg,0
50408.jpg,0
95203.jpg,0
79202.jpg,0
8719.jpg,0
59012.jpg,0
300117.jpg,0
33332.jpg,0
49965.jpg,0
53195.jpg,0
5142.jpg,0
75540.jpg,0
67099.jpg,0
91829.jpg,0
49490.jpg,0
67303.jpg,0
70394.jpg,0
39638.jpg,0
305712.jpg,0
41621.jpg,0
35024.jpg,0
9763.jpg,0
75171.jpg,0
44597.jpg,0
96174.jpg,0
98541.jpg,0
75874.jpg,0
94809.jpg,0
300016.jpg,0
91523.jpg,0
39644.jpg,0
47190.jpg,0
83300.jpg,0
8458.jpg,0
86371.jpg,0
71882.jpg,0
63656.jpg,0
90709.jpg,0
53839.jpg,0
87092.jpg,0
39226.jpg,0
293370.jpg,0
50151.jpg,0
64584.jpg,0
52742.jpg,0
85499.jpg,0
51905.jpg,0
57824.jpg,0
58437.jpg,0
98834.jpg,0
97772.jpg,0
89052.jpg,0
61165.jpg,0
307737.jpg,0
98601.jpg,0
41179.jpg,0
68530.jpg,0
77920.jpg,0
67994.jpg,0
32287.jpg,0
31065.jpg,0
68966.jpg,0
49933.jpg,0
297871.jpg,0
87740.jpg,0
38540.jpg,0
299987.jpg,0
4931.jpg,0
83453.jpg,0
4835.jpg,0
32575.jpg,0
96657.jpg,0
55729.jpg,0
30182.jpg,0
29666.jpg,0
83911.jpg,0
73684.jpg,0
303892.jpg,0
97901.jpg,0
40070.jpg,0
71949.jpg,0
42097.jpg,0
42432.jpg,0
96564.jpg,0
59822.jpg,0
34078.jpg,0
67406.jpg,0
76021.jpg,0
36962.jpg,0
8376.jpg,0
34711.jpg,0
87231.jpg,0
65183.jpg,0
55046.jpg,0
47744.jpg,0
40139.jpg,0
305085.jpg,0
67812.jpg,0
77886.jpg,0
80286.jpg,0
296979.jpg,0
50293.jpg,0
38971.jpg,0
69637.jpg,0
43043.jpg,0
302023.jpg,0
297776.jpg,0
31605.jpg,0
307755.jpg,0
80749.jpg,0
90058.jpg,0
57109.jpg,0
78809.jpg,0
301011.jpg,0
39161.jpg,0
46893.jpg,0
300253.jpg,0
68496.jpg,0
58672.jpg,0
83535.jpg,0
46990.jpg,0
75151.jpg,0
56884.jpg,0
49742.jpg,0
38002.jpg,0
78449.jpg,0
8603.jpg,0
98737.jpg,0
307095.jpg,0
75668.jpg,0
52030.jpg,0
73352.jpg,0
57239.jpg,0
32094.jpg,0
93777.jpg,0
85161.jpg,0
81790.jpg,0
51829.jpg,0
82536.jpg,0
34365.jpg,0
38508.jpg,0
306403.jpg,0
29671.jpg,0
56531.jpg,0
91815.jpg,0
33869.jpg,0
41486.jpg,0
81277.jpg,0
41383.jpg,0
53347.jpg,0
58587.jpg,0
52959.jpg,0
54645.jpg,0
33569.jpg,0
876.jpg,0
69014.jpg,0
48004.jpg,0
66137.jpg,0
8242.jpg,0
55828.jpg,0
43941.jpg,0
39312.jpg,0
43443.jpg,0
93596.jpg,0
306975.jpg,0
51864.jpg,0
93115.jpg,0
294466.jpg,0
83475.jpg,0
42548.jpg,0
8864.jpg,0
82394.jpg,0
309131.jpg,0
35259.jpg,0
55179.jpg,0
64339.jpg,0
8511.jpg,0
67212.jpg,0
78282.jpg,0
48365.jpg,0
76951.jpg,0
90671.jpg,0
57463.jpg,0
93878.jpg,0
46954.jpg,0
48525.jpg,0
298921.jpg,0
31028.jpg,0
91170.jpg,0
55842.jpg,0
86351.jpg,0
75953.jpg,0
7686.jpg,0
49120.jpg,0
87393.jpg,0
76454.jpg,0
73477.jpg,0
94846.jpg,0
63820.jpg,0
33948.jpg,0
53748.jpg,0
302069.jpg,0
29594.jpg,0
64053.jpg,0
97725.jpg,0
298687.jpg,0
6641.jpg,0
63129.jpg,0
36548.jpg,0
94668.jpg,0
39570.jpg,0
56455.jpg,0
30190.jpg,0
298.jpg,0
85349.jpg,0
61266.jpg,0
309545.jpg,0
72829.jpg,0
300399.jpg,0
54156.jpg,0
31813.jpg,0
83055.jpg,0
62374.jpg,0
61605.jpg,0
81310.jpg,0
74624.jpg,0
308175.jpg,0
6416.jpg,0
80781.jpg,0
64398.jpg,0
304126.jpg,0
93398.jpg,0
99504.jpg,0
41401.jpg,0
300516.jpg,0
40635.jpg,0
3201.jpg,0
53442.jpg,0
33823.jpg,0
32697.jpg,0
300938.jpg,0
297822.jpg,0
56698.jpg,0
60016.jpg,0
50294.jpg,0
70447.jpg,0
307551.jpg,0
966.jpg,0
88759.jpg,0
7961.jpg,0
299109.jpg,0
67995.jpg,0
53093.jpg,0
50425.jpg,0
96893.jpg,0
49582.jpg,0
38383.jpg,0
85380.jpg,0
309599.jpg,0
61089.jpg,0
298616.jpg,0
304397.jpg,0
51396.jpg,0
91551.jpg,0
77161.jpg,0
41546.jpg,0
62795.jpg,0
54143.jpg,0
97953.jpg,0
97244.jpg,0
92007.jpg,0
33963.jpg,0
41088.jpg,0
303951.jpg,0
93070.jpg,0
32875.jpg,0
54755.jpg,0
94207.jpg,0
47584.jpg,0
53500.jpg,0
90559.jpg,0
77477.jpg,0
307862.jpg,0
41951.jpg,0
88319.jpg,0
67161.jpg,0
39174.jpg,0
32203.jpg,0
9680.jpg,0
4349.jpg,0
87872.jpg,0
60663.jpg,0
31166.jpg,0
95738.jpg,0
37225.jpg,0
298195.jpg,0
32206.jpg,0
30946.jpg,0
73754.jpg,0
34046.jpg,0
9584.jpg,0
301314.jpg,0
93386.jpg,0
38404.jpg,0
78123.jpg,0
302491.jpg,0
86802.jpg,0
69519.jpg,0
62373.jpg,0
71493.jpg,0
5576.jpg,0
299615.jpg,0
87478.jpg,0
301494.jpg,0
86915.jpg,0
93405.jpg,0
7036.jpg,0
89479.jpg,0
4254.jpg,0
87893.jpg,0
63629.jpg,0
308748.jpg,0
294662.jpg,0
84601.jpg,0
56726.jpg,0
83442.jpg,0
295864.jpg,0
70252.jpg,0
73601.jpg,0
308492.jpg,0
9746.jpg,0
307252.jpg,0
8225.jpg,0
40462.jpg,0
30782.jpg,0
46618.jpg,0
60723.jpg,0
9936.jpg,0
43670.jpg,0
298734.jpg,0
74844.jpg,0
87949.jpg,0
54310.jpg,0
64564.jpg,0
30368.jpg,0
49498.jpg,0
69073.jpg,0
81112.jpg,0
64868.jpg,0
46527.jpg,0
84822.jpg,0
33698.jpg,0
31246.jpg,0
304094.jpg,0
6072.jpg,0
87374.jpg,0
97001.jpg,0
35791.jpg,0
61000.jpg,0
44200.jpg,0
88398.jpg,0
69286.jpg,0
52172.jpg,0
32278.jpg,0
98076.jpg,0
300254.jpg,0
41307.jpg,0
34880.jpg,0
70912.jpg,0
55324.jpg,0
65301.jpg,0
46519.jpg,0
66890.jpg,0
86390.jpg,0
78309.jpg,0
41381.jpg,0
9890.jpg,0
47601.jpg,0
299256.jpg,0
31064.jpg,0
47075.jpg,0
88456.jpg,0
64984.jpg,0
303447.jpg,0
55854.jpg,0
66831.jpg,0
59844.jpg,0
9550.jpg,0
296351.jpg,0
74168.jpg,0
98146.jpg,0
75998.jpg,0
61944.jpg,0
49858.jpg,0
74993.jpg,0
60872.jpg,0
72188.jpg,0
64556.jpg,0
38808.jpg,0
299158.jpg,0
54176.jpg,0
80425.jpg,0
63909.jpg,0
55556.jpg,0
96820.jpg,0
92545.jpg,0
82587.jpg,0
76499.jpg,0
93161.jpg,0
69671.jpg,0
98727.jpg,0
300010.jpg,0
80547.jpg,0
78514.jpg,0
68603.jpg,0
308570.jpg,0
38534.jpg,0
60211.jpg,0
37855.jpg,0
50472.jpg,0
37388.jpg,0
91442.jpg,0
61480.jpg,0
3687.jpg,0
84091.jpg,0
79207.jpg,0
66850.jpg,0
64638.jpg,0
9973.jpg,0
301360.jpg,0
95576.jpg,0
32662.jpg,0
72141.jpg,0
80712.jpg,0
81919.jpg,0
72304.jpg,0
86247.jpg,0
78377.jpg,0
34148.jpg,0
74631.jpg,0
51756.jpg,0
53591.jpg,0
56081.jpg,0
61562.jpg,0
48448.jpg,0
301560.jpg,0
31277.jpg,0
99031.jpg,0
90454.jpg,0
30417.jpg,0
35599.jpg,0
90996.jpg,0
56199.jpg,0
64137.jpg,0
56036.jpg,0
93865.jpg,0
86916.jpg,0
67460.jpg,0
9357.jpg,0
81611.jpg,0
66361.jpg,0
45306.jpg,0
40731.jpg,0
70953.jpg,0
94080.jpg,0
296729.jpg,0
36330.jpg,0
39216.jpg,0
48187.jpg,0
738.jpg,0
41353.jpg,0
87800.jpg,0
72484.jpg,0
50218.jpg,0
31787.jpg,0
86489.jpg,0
82071.jpg,0
48134.jpg,0
55442.jpg,0
89232.jpg,0
93095.jpg,0
81214.jpg,0
8137.jpg,0
48026.jpg,0
297580.jpg,0
50785.jpg,0
37234.jpg,0
51804.jpg,0
90146.jpg,0
68028.jpg,0
65772.jpg,0
48223.jpg,0
40383.jpg,0
97205.jpg,0
96147.jpg,0
43908.jpg,0
64016.jpg,0
56062.jpg,0
74719.jpg,0
63642.jpg,0
308098.jpg,0
97721.jpg,0
48897.jpg,0
298457.jpg,0
98267.jpg,0
68636.jpg,0
63159.jpg,0
44345.jpg,0
64777.jpg,0
65803.jpg,0
99292.jpg,0
50676.jpg,0
37063.jpg,0
87101.jpg,0
96327.jpg,0
35003.jpg,0
76569.jpg,0
82535.jpg,0
29769.jpg,0
89435.jpg,0
72413.jpg,0
63409.jpg,0
79391.jpg,0
83734.jpg,0
50513.jpg,0
99394.jpg,0
62879.jpg,0
58649.jpg,0
99526.jpg,0
30922.jpg,0
307495.jpg,0
301857.jpg,0
75146.jpg,0
73196.jpg,0
33844.jpg,0
54308.jpg,0
54666.jpg,0
58278.jpg,0
83863.jpg,0
67584.jpg,0
305163.jpg,0
32507.jpg,0
83762.jpg,0
56285.jpg,0
303520.jpg,0
89985.jpg,0
307614.jpg,0
35457.jpg,0
38205.jpg,0
308616.jpg,0
45394.jpg,0
61705.jpg,0
95512.jpg,0
80730.jpg,0
98985.jpg,0
4732.jpg,0
300869.jpg,0
34190.jpg,0
297132.jpg,0
49414.jpg,0
67568.jpg,0
293823.jpg,0
55399.jpg,0
303686.jpg,0
4063.jpg,0
66074.jpg,0
9317.jpg,0
304641.jpg,0
297026.jpg,0
86362.jpg,0
93236.jpg,0
9257.jpg,0
57621.jpg,0
32056.jpg,0
30177.jpg,0
64751.jpg,0
93498.jpg,0
37163.jpg,0
54949.jpg,0
98015.jpg,0
30532.jpg,0
309674.jpg,0
62002.jpg,0
747.jpg,0
5336.jpg,0
309455.jpg,0
32557.jpg,0
87480.jpg,0
5367.jpg,0
33726.jpg,0
297913.jpg,0
93023.jpg,0
40271.jpg,0
29919.jpg,0
308138.jpg,0
308595.jpg,0
9482.jpg,0
297992.jpg,0
89492.jpg,0
42005.jpg,0
6946.jpg,0
76234.jpg,0
50162.jpg,0
306674.jpg,0
85460.jpg,0
73253.jpg,0
86540.jpg,0
52360.jpg,0
44721.jpg,0
300960.jpg,0
66292.jpg,0
68825.jpg,0
308889.jpg,0
37727.jpg,0
37526.jpg,0
90651.jpg,0
94596.jpg,0
37366.jpg,0
308812.jpg,0
97620.jpg,0
67168.jpg,0
76284.jpg,0
75167.jpg,0
67843.jpg,0
6065.jpg,0
50034.jpg,0
80447.jpg,0
53717.jpg,0
78943.jpg,0
53308.jpg,0
39134.jpg,0
47577.jpg,0
50349.jpg,0
95443.jpg,0
88610.jpg,0
43796.jpg,0
37960.jpg,0
81490.jpg,0
79353.jpg,0
93785.jpg,0
83315.jpg,0
44061.jpg,0
297136.jpg,0
306847.jpg,0
65546.jpg,0
301905.jpg,0
80028.jpg,0
55127.jpg,0
43290.jpg,0
65938.jpg,0
306296.jpg,0
83859.jpg,0
42572.jpg,0
33533.jpg,0
50924.jpg,0
6561.jpg,0
7624.jpg,0
90176.jpg,0
78016.jpg,0
39830.jpg,0
303845.jpg,0
83470.jpg,0
58028.jpg,0
57851.jpg,0
60695.jpg,0
41905.jpg,0
305209.jpg,0
297104.jpg,0
97186.jpg,0
89626.jpg,0
78957.jpg,0
5745.jpg,0
69652.jpg,0
576.jpg,0
49213.jpg,0
51437.jpg,0
36736.jpg,0
82737.jpg,0
32371.jpg,0
299674.jpg,0
84144.jpg,0
34870.jpg,0
65464.jpg,0
50849.jpg,0
308020.jpg,0
70819.jpg,0
49403.jpg,0
84099.jpg,0
33809.jpg,0
303784.jpg,0
56878.jpg,0
78773.jpg,0
41554.jpg,0
66373.jpg,0
5980.jpg,0
3593.jpg,0
73616.jpg,0
34138.jpg,0
67974.jpg,0
73715.jpg,0
70632.jpg,0
81754.jpg,0
78424.jpg,0
80159.jpg,0
85919.jpg,0
70974.jpg,0
306056.jpg,0
74110.jpg,0
301134.jpg,0
34156.jpg,0
42897.jpg,0
38113.jpg,0
40023.jpg,0
6066.jpg,0
91801.jpg,0
88520.jpg,0
92168.jpg,0
52700.jpg,0
86988.jpg,0
32833.jpg,0
84950.jpg,0
70422.jpg,0
41568.jpg,0
33611.jpg,0
74484.jpg,0
8616.jpg,0
68466.jpg,0
299420.jpg,0
94433.jpg,0
3185.jpg,0
38984.jpg,0
70560.jpg,0
9713.jpg,0
36046.jpg,0
75760.jpg,0
307944.jpg,0
32218.jpg,0
42318.jpg,0
69768.jpg,0
59524.jpg,0
50108.jpg,0
90308.jpg,0
38254.jpg,0
5542.jpg,0
31818.jpg,0
91324.jpg,0
296552.jpg,0
73203.jpg,0
47828.jpg,0
41664.jpg,0
69887.jpg,0
65184.jpg,0
307398.jpg,0
9265.jpg,0
6101.jpg,0
55595.jpg,0
86726.jpg,0
52322.jpg,0
59921.jpg,0
76316.jpg,0
94135.jpg,0
63131.jpg,0
88323.jpg,0
78759.jpg,0
76771.jpg,0
37227.jpg,0
91671.jpg,0
301535.jpg,0
32476.jpg,0
85691.jpg,0
42460.jpg,0
301950.jpg,0
96074.jpg,0
34875.jpg,0
75851.jpg,0
66782.jpg,0
90583.jpg,0
77686.jpg,0
92083.jpg,0
94874.jpg,0
42193.jpg,0
301173.jpg,0
50555.jpg,0
48271.jpg,0
91078.jpg,0
29541.jpg,0
97208.jpg,0
93838.jpg,0
96957.jpg,0
97363.jpg,0
38506.jpg,0
37553.jpg,0
75565.jpg,0
46485.jpg,0
47909.jpg,0
97996.jpg,0
98023.jpg,0
95406.jpg,0
41488.jpg,0
97129.jpg,0
70100.jpg,0
57344.jpg,0
38452.jpg,0
72451.jpg,0
89888.jpg,0
7285.jpg,0
44375.jpg,0
61884.jpg,0
76227.jpg,0
83311.jpg,0
307571.jpg,0
33738.jpg,0
54356.jpg,0
30516.jpg,0
45946.jpg,0
6336.jpg,0
49354.jpg,0
31258.jpg,0
48818.jpg,0
40872.jpg,0
54800.jpg,0
66433.jpg,0
35579.jpg,0
3565.jpg,0
80421.jpg,0
33098.jpg,0
95424.jpg,0
5828.jpg,0
83147.jpg,0
91825.jpg,0
43240.jpg,0
83077.jpg,0
70232.jpg,0
51073.jpg,0
78269.jpg,0
77612.jpg,0
32977.jpg,0
36516.jpg,0
9416.jpg,0
305741.jpg,0
7820.jpg,0
53167.jpg,0
71821.jpg,0
85610.jpg,0
303453.jpg,0
79172.jpg,0
51173.jpg,0
53110.jpg,0
9110.jpg,0
68413.jpg,0
45530.jpg,0
75514.jpg,0
34381.jpg,0
91882.jpg,0
73469.jpg,0
52201.jpg,0
39061.jpg,0
76294.jpg,0
3218.jpg,0
83373.jpg,0
60010.jpg,0
40061.jpg,0
306298.jpg,0
50058.jpg,0
6776.jpg,0
331.jpg,0
296381.jpg,0
298089.jpg,0
83162.jpg,0
48143.jpg,0
36669.jpg,0
70388.jpg,0
79768.jpg,0
98726.jpg,0
60528.jpg,0
4181.jpg,0
47231.jpg,0
43172.jpg,0
9586.jpg,0
75273.jpg,0
308552.jpg,0
302649.jpg,0
308198.jpg,0
97320.jpg,0
94669.jpg,0
59986.jpg,0
72652.jpg,0
75861.jpg,0
43076.jpg,0
302017.jpg,0
66576.jpg,0
82979.jpg,0
98314.jpg,0
81957.jpg,0
97935.jpg,0
77875.jpg,0
36798.jpg,0
53745.jpg,0
302264.jpg,0
85718.jpg,0
79034.jpg,0
88100.jpg,0
61410.jpg,0
304809.jpg,0
293723.jpg,0
71413.jpg,0
67377.jpg,0
8167.jpg,0
51597.jpg,0
90768.jpg,0
33840.jpg,0
41116.jpg,0
45180.jpg,0
7247.jpg,0
64229.jpg,0
306596.jpg,0
54320.jpg,0
309348.jpg,0
58638.jpg,0
314.jpg,0
65608.jpg,0
82676.jpg,0
70891.jpg,0
51539.jpg,0
40423.jpg,0
307407.jpg,0
45414.jpg,0
31357.jpg,0
37411.jpg,0
302860.jpg,0
98761.jpg,0
78833.jpg,0
65135.jpg,0
77830.jpg,0
37102.jpg,0
31860.jpg,0
72216.jpg,0
31303.jpg,0
29857.jpg,0
99708.jpg,0
69433.jpg,0
302694.jpg,0
82265.jpg,0
32610.jpg,0
41964.jpg,0
9509.jpg,0
64508.jpg,0
60449.jpg,0
79737.jpg,0
80873.jpg,0
45811.jpg,0
92194.jpg,0
66778.jpg,0
83643.jpg,0
96374.jpg,0
6468.jpg,0
33439.jpg,0
64774.jpg,0
306238.jpg,0
32374.jpg,0
53366.jpg,0
62177.jpg,0
64635.jpg,0
58013.jpg,0
71739.jpg,0
76082.jpg,0
57879.jpg,0
306688.jpg,0
29627.jpg,0
87290.jpg,0
300148.jpg,0
42458.jpg,0
79869.jpg,0
86597.jpg,0
31847.jpg,0
69685.jpg,0
42070.jpg,0
54312.jpg,0
50235.jpg,0
9021.jpg,0
33992.jpg,0
70316.jpg,0
37668.jpg,0
93196.jpg,0
298333.jpg,0
77975.jpg,0
41874.jpg,0
41590.jpg,0
295358.jpg,0
72905.jpg,0
96030.jpg,0
308094.jpg,0
300405.jpg,0
34009.jpg,0
76187.jpg,0
83581.jpg,0
95039.jpg,0
90144.jpg,0
303652.jpg,0
55890.jpg,0
64740.jpg,0
55221.jpg,0
49442.jpg,0
41748.jpg,0
83360.jpg,0
34819.jpg,0
82485.jpg,0
304950.jpg,0
97949.jpg,0
62076.jpg,0
304015.jpg,0
86950.jpg,0
48631.jpg,0
308999.jpg,0
41573.jpg,0
31480.jpg,0
87373.jpg,0
59487.jpg,0
300054.jpg,0
92862.jpg,0
308798.jpg,0
99679.jpg,0
7648.jpg,0
62508.jpg,0
39219.jpg,0
305736.jpg,0
62878.jpg,0
71408.jpg,0
70132.jpg,0
97272.jpg,0
67900.jpg,0
54703.jpg,0
64627.jpg,0
67533.jpg,0
74090.jpg,0
37633.jpg,0
303604.jpg,0
8267.jpg,0
62468.jpg,0
62052.jpg,0
73794.jpg,0
83413.jpg,0
98631.jpg,0
94064.jpg,0
5503.jpg,0
60747.jpg,0
83856.jpg,0
84518.jpg,0
55416.jpg,0
45178.jpg,0
3372.jpg,0
82541.jpg,0
950.jpg,0
295133.jpg,0
90374.jpg,0
79856.jpg,0
296789.jpg,0
53599.jpg,0
80911.jpg,0
4335.jpg,0
97445.jpg,0
37385.jpg,0
48038.jpg,0
296388.jpg,0
58394.jpg,0
307736.jpg,0
71246.jpg,0
33263.jpg,0
30468.jpg,0
88056.jpg,0
68779.jpg,0
302711.jpg,0
60566.jpg,0
297383.jpg,0
82914.jpg,0
94041.jpg,0
71350.jpg,0
66785.jpg,0
298041.jpg,0
4472.jpg,0
93290.jpg,0
58702.jpg,0
43137.jpg,0
57126.jpg,0
93476.jpg,0
87680.jpg,0
88786.jpg,0
43187.jpg,0
97910.jpg,0
6652.jpg,0
33624.jpg,0
90509.jpg,0
36687.jpg,0
302042.jpg,0
63533.jpg,0
76064.jpg,0
40753.jpg,0
87326.jpg,0
306499.jpg,0
54650.jpg,0
44984.jpg,0
61841.jpg,0
47071.jpg,0
47621.jpg,0
56920.jpg,0
89002.jpg,0
64592.jpg,0
78767.jpg,0
298214.jpg,0
93253.jpg,0
308892.jpg,0
35123.jpg,0
31154.jpg,0
84665.jpg,0
66964.jpg,0
33993.jpg,0
55756.jpg,0
45375.jpg,0
295425.jpg,0
48518.jpg,0
57052.jpg,0
61235.jpg,0
41327.jpg,0
9635.jpg,0
62607.jpg,0
307576.jpg,0
74267.jpg,0
5458.jpg,0
69703.jpg,0
36458.jpg,0
72238.jpg,0
77381.jpg,0
8361.jpg,0
93331.jpg,0
83607.jpg,0
5969.jpg,0
45081.jpg,0
52434.jpg,0
76937.jpg,0
297609.jpg,0
92657.jpg,0
54540.jpg,0
73307.jpg,0
77657.jpg,0
51762.jpg,0
92239.jpg,0
91739.jpg,0
83821.jpg,0
71386.jpg,0
40848.jpg,0
8186.jpg,0
306000.jpg,0
79761.jpg,0
99595.jpg,0
77733.jpg,0
45502.jpg,0
73848.jpg,0
67753.jpg,0
70246.jpg,0
303883.jpg,0
83345.jpg,0
33764.jpg,0
42969.jpg,0
76298.jpg,0
83421.jpg,0
4449.jpg,0
41143.jpg,0
66694.jpg,0
70859.jpg,0
46533.jpg,0
62850.jpg,0
302099.jpg,0
91110.jpg,0
49536.jpg,0
51466.jpg,0
53708.jpg,0
82043.jpg,0
7309.jpg,0
38085.jpg,0
39874.jpg,0
42832.jpg,0
7727.jpg,0
5923.jpg,0
62522.jpg,0
36166.jpg,0
54607.jpg,0
66503.jpg,0
60284.jpg,0
71442.jpg,0
56205.jpg,0
37065.jpg,0
89158.jpg,0
98662.jpg,0
4002.jpg,0
77489.jpg,0
83807.jpg,0
48172.jpg,0
91285.jpg,0
34832.jpg,0
55889.jpg,0
29817.jpg,0
91646.jpg,0
83845.jpg,0
67911.jpg,0
301160.jpg,0
31008.jpg,0
39681.jpg,0
51869.jpg,0
6005.jpg,0
76854.jpg,0
42464.jpg,0
89669.jpg,0
296558.jpg,0
4494.jpg,0
81554.jpg,0
77553.jpg,0
63434.jpg,0
49764.jpg,0
85849.jpg,0
296283.jpg,0
32671.jpg,0
68660.jpg,0
41563.jpg,0
77856.jpg,0
63127.jpg,0
97744.jpg,0
80596.jpg,0
95968.jpg,0
49918.jpg,0
48797.jpg,0
70840.jpg,0
304149.jpg,0
7137.jpg,0
297338.jpg,0
60446.jpg,0
43004.jpg,0
57429.jpg,0
84756.jpg,0
72325.jpg,0
46123.jpg,0
30551.jpg,0
69437.jpg,0
3753.jpg,0
56775.jpg,0
302298.jpg,0
95149.jpg,0
53868.jpg,0
300697.jpg,0
73304.jpg,0
59161.jpg,0
92053.jpg,0
33190.jpg,0
65272.jpg,0
87358.jpg,0
38193.jpg,0
38511.jpg,0
5893.jpg,0
299581.jpg,0
30222.jpg,0
298403.jpg,0
48706.jpg,0
49198.jpg,0
80586.jpg,0
96605.jpg,0
7443.jpg,0
5767.jpg,0
95678.jpg,0
75698.jpg,0
7789.jpg,0
298840.jpg,0
780.jpg,0
49310.jpg,0
99505.jpg,0
61027.jpg,0
53608.jpg,0
81409.jpg,0
297868.jpg,0
79315.jpg,0
61300.jpg,0
9849.jpg,0
42927.jpg,0
57163.jpg,0
32328.jpg,0
7793.jpg,0
72048.jpg,0
76041.jpg,0
55645.jpg,0
40769.jpg,0
94163.jpg,0
82406.jpg,0
93601.jpg,0
43363.jpg,0
304429.jpg,0
39041.jpg,0
93932.jpg,0
298027.jpg,0
58579.jpg,0
297820.jpg,0
41523.jpg,0
71066.jpg,0
302209.jpg,0
296062.jpg,0
34032.jpg,0
48184.jpg,0
8875.jpg,0
43838.jpg,0
78092.jpg,0
66451.jpg,0
99069.jpg,0
45539.jpg,0
297009.jpg,0
82501.jpg,0
305123.jpg,0
49546.jpg,0
61712.jpg,0
32898.jpg,0
32577.jpg,0
4607.jpg,0
49745.jpg,0
34291.jpg,0
84140.jpg,0
91521.jpg,0
44645.jpg,0
71088.jpg,0
42345.jpg,0
52603.jpg,0
42992.jpg,0
3175.jpg,0
69586.jpg,0
97246.jpg,0
72070.jpg,0
72882.jpg,0
303698.jpg,0
88455.jpg,0
76044.jpg,0
88043.jpg,0
79106.jpg,0
95154.jpg,0
304492.jpg,0
89805.jpg,0
66813.jpg,0
57062.jpg,0
53345.jpg,0
71468.jpg,0
294732.jpg,0
303063.jpg,0
302418.jpg,0
70580.jpg,0
299144.jpg,0
98514.jpg,0
38505.jpg,0
305619.jpg,0
53149.jpg,0
55124.jpg,0
83255.jpg,0
5131.jpg,0
86870.jpg,0
294840.jpg,0
81395.jpg,0
54641.jpg,0
60533.jpg,0
40453.jpg,0
309586.jpg,0
41139.jpg,0
77522.jpg,0
36758.jpg,0
32966.jpg,0
40396.jpg,0
54336.jpg,0
53547.jpg,0
74095.jpg,0
71703.jpg,0
59177.jpg,0
63572.jpg,0
300922.jpg,0
301446.jpg,0
4998.jpg,0
74328.jpg,0
73861.jpg,0
61249.jpg,0
308811.jpg,0
56363.jpg,0
41911.jpg,0
38405.jpg,0
32013.jpg,0
96614.jpg,0
60386.jpg,0
94817.jpg,0
45217.jpg,0
8343.jpg,0
45343.jpg,0
299013.jpg,0
64788.jpg,0
61274.jpg,0
306851.jpg,0
306100.jpg,0
96073.jpg,0
48375.jpg,0
35355.jpg,0
50446.jpg,0
303896.jpg,0
76561.jpg,0
67306.jpg,0
34668.jpg,0
304003.jpg,0
64544.jpg,0
304093.jpg,0
53647.jpg,0
34899.jpg,0
90106.jpg,0
66541.jpg,0
87782.jpg,0
31495.jpg,0
84758.jpg,0
89896.jpg,0
307257.jpg,0
9479.jpg,0
78126.jpg,0
7097.jpg,0
46081.jpg,0
69468.jpg,0
55675.jpg,0
62933.jpg,0
368.jpg,0
88474.jpg,0
72336.jpg,0
75371.jpg,0
305762.jpg,0
44963.jpg,0
61365.jpg,0
45058.jpg,0
55837.jpg,0
69317.jpg,0
56458.jpg,0
76691.jpg,0
48929.jpg,0
32494.jpg,0
67668.jpg,0
303914.jpg,0
90233.jpg,0
70495.jpg,0
71203.jpg,0
96140.jpg,0
304772.jpg,0
47674.jpg,0
36929.jpg,0
308063.jpg,0
63794.jpg,0
65753.jpg,0
3641.jpg,0
45968.jpg,0
91181.jpg,0
305194.jpg,0
309584.jpg,0
70734.jpg,0
88244.jpg,0
98660.jpg,0
29662.jpg,0
58119.jpg,0
66882.jpg,0
83270.jpg,0
47834.jpg,0
75642.jpg,0
55917.jpg,0
93125.jpg,0
306545.jpg,0
33010.jpg,0
74583.jpg,0
31420.jpg,0
8166.jpg,0
4147.jpg,0
300171.jpg,0
51058.jpg,0
47556.jpg,0
307064.jpg,0
51540.jpg,0
76931.jpg,0
6000.jpg,0
70910.jpg,0
303125.jpg,0
52684.jpg,0
78409.jpg,0
98499.jpg,0
67359.jpg,0
80089.jpg,0
94740.jpg,0
81516.jpg,0
301639.jpg,0
66935.jpg,0
7419.jpg,0
77891.jpg,0
77464.jpg,0
72494.jpg,0
33325.jpg,0
303425.jpg,0
76621.jpg,0
38199.jpg,0
296295.jpg,0
308901.jpg,0
39027.jpg,0
306081.jpg,0
51974.jpg,0
61474.jpg,0
8579.jpg,0
91085.jpg,0
6684.jpg,0
305868.jpg,0
78152.jpg,0
88909.jpg,0
68292.jpg,0
82649.jpg,0
82938.jpg,0
304272.jpg,0
45712.jpg,0
55602.jpg,0
299594.jpg,0
31837.jpg,0
72816.jpg,0
59482.jpg,0
31777.jpg,0
56399.jpg,0
43561.jpg,0
69730.jpg,0
42629.jpg,0
81691.jpg,0
35437.jpg,0
35624.jpg,0
81616.jpg,0
63622.jpg,0
53211.jpg,0
86753.jpg,0
299193.jpg,0
307399.jpg,0
302543.jpg,0
52488.jpg,0
98292.jpg,0
51652.jpg,0
80878.jpg,0
299478.jpg,0
59297.jpg,0
73765.jpg,0
87567.jpg,0
74818.jpg,0
90551.jpg,0
302002.jpg,0
50844.jpg,0
296959.jpg,0
77059.jpg,0
41.jpg,0
302518.jpg,0
47684.jpg,0
309409.jpg,0
305474.jpg,0
299424.jpg,0
80625.jpg,0
307963.jpg,0
69005.jpg,0
304111.jpg,0
72687.jpg,0
303665.jpg,0
72193.jpg,0
57681.jpg,0
51724.jpg,0
34201.jpg,0
82413.jpg,0
300736.jpg,0
98513.jpg,0
85403.jpg,0
36672.jpg,0
47123.jpg,0
93752.jpg,0
90264.jpg,0
65705.jpg,0
65105.jpg,0
47921.jpg,0
8211.jpg,0
36308.jpg,0
65787.jpg,0
58728.jpg,0
303623.jpg,0
51478.jpg,0
8646.jpg,0
296816.jpg,0
50597.jpg,0
298954.jpg,0
85879.jpg,0
50023.jpg,0
87259.jpg,0
6262.jpg,0
44805.jpg,0
9993.jpg,0
31257.jpg,0
80354.jpg,0
305303.jpg,0
53392.jpg,0
42153.jpg,0
65714.jpg,0
53665.jpg,0
69342.jpg,0
92175.jpg,0
80399.jpg,0
3446.jpg,0
79116.jpg,0
67878.jpg,0
55197.jpg,0
63520.jpg,0
296707.jpg,0
58357.jpg,0
68012.jpg,0
93150.jpg,0
56423.jpg,0
93798.jpg,0
8968.jpg,0
30845.jpg,0
34912.jpg,0
90359.jpg,0
44694.jpg,0
87947.jpg,0
51381.jpg,0
299949.jpg,0
68631.jpg,0
96864.jpg,0
309638.jpg,0
65862.jpg,0
36580.jpg,0
33733.jpg,0
83981.jpg,0
51024.jpg,0
83976.jpg,0
70092.jpg,0
299953.jpg,0
296073.jpg,0
94403.jpg,0
39841.jpg,0
43918.jpg,0
83865.jpg,0
303456.jpg,0
67751.jpg,0
4131.jpg,0
42516.jpg,0
87749.jpg,0
302818.jpg,0
41104.jpg,0
70566.jpg,0
299305.jpg,0
49413.jpg,0
62939.jpg,0
89619.jpg,0
77533.jpg,0
83603.jpg,0
92436.jpg,0
90207.jpg,0
94539.jpg,0
85270.jpg,0
299009.jpg,0
90891.jpg,0
86048.jpg,0
60550.jpg,0
83737.jpg,0
97323.jpg,0
36399.jpg,0
95587.jpg,0
39907.jpg,0
4175.jpg,0
57854.jpg,0
59059.jpg,0
74929.jpg,0
84230.jpg,0
30055.jpg,0
41906.jpg,0
8399.jpg,0
81396.jpg,0
98254.jpg,0
57211.jpg,0
54345.jpg,0
303901.jpg,0
62049.jpg,0
304243.jpg,0
53772.jpg,0
59082.jpg,0
78528.jpg,0
304226.jpg,0
296783.jpg,0
81044.jpg,0
8830.jpg,0
94959.jpg,0
300361.jpg,0
30113.jpg,0
31299.jpg,0
36387.jpg,0
3781.jpg,0
88204.jpg,0
48381.jpg,0
69727.jpg,0
97203.jpg,0
309687.jpg,0
299760.jpg,0
56838.jpg,0
59949.jpg,0
85655.jpg,0
87753.jpg,0
32975.jpg,0
69119.jpg,0
66363.jpg,0
75064.jpg,0
37349.jpg,0
305774.jpg,0
82845.jpg,0
53488.jpg,0
77265.jpg,0
61453.jpg,0
305473.jpg,0
33900.jpg,0
297151.jpg,0
88920.jpg,0
73024.jpg,0
68622.jpg,0
35587.jpg,0
302675.jpg,0
81662.jpg,0
79511.jpg,0
70288.jpg,0
94382.jpg,0
57371.jpg,0
300978.jpg,0
306371.jpg,0
7939.jpg,0
32521.jpg,0
80607.jpg,0
46026.jpg,0
303725.jpg,0
30117.jpg,0
63181.jpg,0
44417.jpg,0
68605.jpg,0
3108.jpg,0
295343.jpg,0
47858.jpg,0
49794.jpg,0
53037.jpg,0
35381.jpg,0
44972.jpg,0
34097.jpg,0
60822.jpg,0
4921.jpg,0
301615.jpg,0
3250.jpg,0
296569.jpg,0
306977.jpg,0
41856.jpg,0
36007.jpg,0
63798.jpg,0
78242.jpg,0
63781.jpg,0
299444.jpg,0
38567.jpg,0
56267.jpg,0
8523.jpg,0
76374.jpg,0
77969.jpg,0
48671.jpg,0
91567.jpg,0
305930.jpg,0
3365.jpg,0
4725.jpg,0
33461.jpg,0
38342.jpg,0
59061.jpg,0
305005.jpg,0
52759.jpg,0
90500.jpg,0
50038.jpg,0
296185.jpg,0
52492.jpg,0
9315.jpg,0
91977.jpg,0
48506.jpg,0
306821.jpg,0
73241.jpg,0
294258.jpg,0
65348.jpg,0
308632.jpg,0
293827.jpg,0
303940.jpg,0
3891.jpg,0
92836.jpg,0
44096.jpg,0
73384.jpg,0
297568.jpg,0
70879.jpg,0
301333.jpg,0
88046.jpg,0
3536.jpg,0
75344.jpg,0
45729.jpg,0
32648.jpg,0
303852.jpg,0
61277.jpg,0
95884.jpg,0
308189.jpg,0
46986.jpg,0
298450.jpg,0
35958.jpg,0
88621.jpg,0
33007.jpg,0
41124.jpg,0
56201.jpg,0
75320.jpg,0
3382.jpg,0
307917.jpg,0
305852.jpg,0
87612.jpg,0
7381.jpg,0
295410.jpg,0
306271.jpg,0
60789.jpg,0
87889.jpg,0
6601.jpg,0
53988.jpg,0
71936.jpg,0
3003.jpg,0
32086.jpg,0
74742.jpg,0
74686.jpg,0
48358.jpg,0
75450.jpg,0
5068.jpg,0
46305.jpg,0
89857.jpg,0
308346.jpg,0
38370.jpg,0
65978.jpg,0
72014.jpg,0
76212.jpg,0
302046.jpg,0
90271.jpg,0
302608.jpg,0
98680.jpg,0
46077.jpg,0
55103.jpg,0
44876.jpg,0
42676.jpg,0
58448.jpg,0
9134.jpg,0
66689.jpg,0
43608.jpg,0
36775.jpg,0
33096.jpg,0
39821.jpg,0
50107.jpg,0
60689.jpg,0
54904.jpg,0
61378.jpg,0
8234.jpg,0
55564.jpg,0
88672.jpg,0
33953.jpg,0
301622.jpg,0
88001.jpg,0
68186.jpg,0
60743.jpg,0
39343.jpg,0
306937.jpg,0
59426.jpg,0
297130.jpg,0
72533.jpg,0
84823.jpg,0
83691.jpg,0
48859.jpg,0
68076.jpg,0
87276.jpg,0
4420.jpg,0
52449.jpg,0
72634.jpg,0
33444.jpg,0
38623.jpg,0
29890.jpg,0
33945.jpg,0
37745.jpg,0
36040.jpg,0
303243.jpg,0
60201.jpg,0
62558.jpg,0
43579.jpg,0
569.jpg,0
85311.jpg,0
623.jpg,0
39984.jpg,0
300043.jpg,0
55576.jpg,0
68431.jpg,0
32764.jpg,0
94391.jpg,0
70672.jpg,0
44454.jpg,0
59070.jpg,0
297971.jpg,0
307525.jpg,0
86804.jpg,0
68650.jpg,0
34269.jpg,0
309634.jpg,0
45263.jpg,0
86477.jpg,0
99979.jpg,0
84349.jpg,0
47911.jpg,0
86564.jpg,0
90959.jpg,0
46825.jpg,0
54375.jpg,0
63319.jpg,0
78185.jpg,0
42200.jpg,0
46544.jpg,0
44986.jpg,0
79117.jpg,0
98458.jpg,0
298092.jpg,0
55985.jpg,0
33796.jpg,0
8059.jpg,0
89414.jpg,0
37955.jpg,0
99475.jpg,0
94167.jpg,0
89710.jpg,0
45163.jpg,0
46873.jpg,0
71473.jpg,0
293520.jpg,0
29478.jpg,0
85223.jpg,0
32158.jpg,0
49865.jpg,0
6199.jpg,0
301246.jpg,0
72314.jpg,0
67265.jpg,0
46325.jpg,0
45542.jpg,0
74454.jpg,0
92233.jpg,0
82553.jpg,0
42273.jpg,0
298739.jpg,0
75098.jpg,0
31575.jpg,0
98018.jpg,0
55195.jpg,0
66040.jpg,0
61608.jpg,0
9041.jpg,0
96714.jpg,0
303816.jpg,0
33023.jpg,0
76753.jpg,0
96465.jpg,0
297226.jpg,0
32030.jpg,0
47318.jpg,0
6272.jpg,0
52114.jpg,0
44420.jpg,0
94644.jpg,0
38690.jpg,0
84602.jpg,0
79508.jpg,0
300619.jpg,0
93928.jpg,0
58345.jpg,0
89256.jpg,0
68073.jpg,0
68888.jpg,0
66847.jpg,0
8893.jpg,0
71987.jpg,0
299950.jpg,0
42487.jpg,0
295929.jpg,0
95787.jpg,0
98198.jpg,0
72854.jpg,0
95254.jpg,0
73438.jpg,0
76938.jpg,0
54863.jpg,0
75672.jpg,0
79932.jpg,0
6250.jpg,0
306068.jpg,0
63121.jpg,0
34145.jpg,0
89153.jpg,0
39510.jpg,0
45060.jpg,0
83547.jpg,0
295626.jpg,0
38319.jpg,0
918.jpg,0
43209.jpg,0
80016.jpg,0
33064.jpg,0
300538.jpg,0
60839.jpg,0
64722.jpg,0
82182.jpg,0
298084.jpg,0
50311.jpg,0
85569.jpg,0
37986.jpg,0
46246.jpg,0
50418.jpg,0
53809.jpg,0
82594.jpg,0
64579.jpg,0
83447.jpg,0
298829.jpg,0
298534.jpg,0
298499.jpg,0
81335.jpg,0
87383.jpg,0
81368.jpg,0
296585.jpg,0
64371.jpg,0
65910.jpg,0
297463.jpg,0
63597.jpg,0
62415.jpg,0
9403.jpg,0
70504.jpg,0
95923.jpg,0
83786.jpg,0
700.jpg,0
33289.jpg,0
56375.jpg,0
73235.jpg,0
59402.jpg,0
49860.jpg,0
76587.jpg,0
88695.jpg,0
67987.jpg,0
33310.jpg,0
30199.jpg,0
38829.jpg,0
56907.jpg,0
99933.jpg,0
37529.jpg,0
297794.jpg,0
99287.jpg,0
40362.jpg,0
38003.jpg,0
83891.jpg,0
8540.jpg,0
45945.jpg,0
4024.jpg,0
306802.jpg,0
56294.jpg,0
42488.jpg,0
36095.jpg,0
36622.jpg,0
300047.jpg,0
75888.jpg,0
309108.jpg,0
66415.jpg,0
302936.jpg,0
62924.jpg,0
91980.jpg,0
43063.jpg,0
300584.jpg,0
73487.jpg,0
70044.jpg,0
29555.jpg,0
81426.jpg,0
79300.jpg,0
88821.jpg,0
47890.jpg,0
305537.jpg,0
76254.jpg,0
30988.jpg,0
59580.jpg,0
56473.jpg,0
43502.jpg,0
301946.jpg,0
52578.jpg,0
73243.jpg,0
73470.jpg,0
308675.jpg,0
54094.jpg,0
308218.jpg,0
62345.jpg,0
83617.jpg,0
93768.jpg,0
95691.jpg,0
86204.jpg,0
81218.jpg,0
38312.jpg,0
62192.jpg,0
61170.jpg,0
4954.jpg,0
43946.jpg,0
301874.jpg,0
92022.jpg,0
93978.jpg,0
30170.jpg,0
39622.jpg,0
99977.jpg,0
31700.jpg,0
94940.jpg,0
36818.jpg,0
66379.jpg,0
94878.jpg,0
73026.jpg,0
93889.jpg,0
45156.jpg,0
5583.jpg,0
58023.jpg,0
7924.jpg,0
91734.jpg,0
298486.jpg,0
66665.jpg,0
56695.jpg,0
7923.jpg,0
40851.jpg,0
96316.jpg,0
95477.jpg,0
305150.jpg,0
69256.jpg,0
65293.jpg,0
35667.jpg,0
89469.jpg,0
306017.jpg,0
31635.jpg,0
60140.jpg,0
52044.jpg,0
300224.jpg,0
34245.jpg,0
72406.jpg,0
41682.jpg,0
86668.jpg,0
306721.jpg,0
39155.jpg,0
76245.jpg,0
304139.jpg,0
38126.jpg,0
61813.jpg,0
79875.jpg,0
77845.jpg,0
39756.jpg,0
83793.jpg,0
85118.jpg,0
58059.jpg,0
300760.jpg,0
95288.jpg,0
77197.jpg,0
56864.jpg,0
305206.jpg,0
299228.jpg,0
96066.jpg,0
39767.jpg,0
6273.jpg,0
99125.jpg,0
63160.jpg,0
74757.jpg,0
87346.jpg,0
65853.jpg,0
9543.jpg,0
94788.jpg,0
89681.jpg,0
306576.jpg,0
39340.jpg,0
50014.jpg,0
301555.jpg,0
74581.jpg,0
304895.jpg,0
45086.jpg,0
37520.jpg,0
300745.jpg,0
47486.jpg,0
80130.jpg,0
37812.jpg,0
47094.jpg,0
51845.jpg,0
68301.jpg,0
81945.jpg,0
36008.jpg,0
306285.jpg,0
63667.jpg,0
94504.jpg,0
6076.jpg,0
57833.jpg,0
87210.jpg,0
75213.jpg,0
75494.jpg,0
48457.jpg,0
73828.jpg,0
32260.jpg,0
298133.jpg,0
306814.jpg,0
44434.jpg,0
96758.jpg,0
91796.jpg,0
85029.jpg,0
95092.jpg,0
41550.jpg,0
91824.jpg,0
296561.jpg,0
307764.jpg,0
298959.jpg,0
40810.jpg,0
302745.jpg,0
46022.jpg,0
9605.jpg,0
95830.jpg,0
70991.jpg,0
56108.jpg,0
295066.jpg,0
64170.jpg,0
74868.jpg,0
47182.jpg,0
39926.jpg,0
69978.jpg,0
90118.jpg,0
74082.jpg,0
33711.jpg,0
84388.jpg,0
61075.jpg,0
298726.jpg,0
91676.jpg,0
7342.jpg,0
46290.jpg,0
39542.jpg,0
40243.jpg,0
306528.jpg,0
41636.jpg,0
88917.jpg,0
304421.jpg,0
46155.jpg,0
54409.jpg,0
301821.jpg,0
302275.jpg,0
36164.jpg,0
39372.jpg,0
298204.jpg,0
89265.jpg,0
39666.jpg,0
69395.jpg,0
46744.jpg,0
64088.jpg,0
79493.jpg,0
29916.jpg,0
309101.jpg,0
73450.jpg,0
91225.jpg,0
88096.jpg,0
48486.jpg,0
43539.jpg,0
303372.jpg,0
80194.jpg,0
83550.jpg,0
67576.jpg,0
58688.jpg,0
70330.jpg,0
99227.jpg,0
49915.jpg,0
47272.jpg,0
32312.jpg,0
